timestamp_s,rtt_ms
0.0,27.118
0.1,28.343
0.2,30.456
0.3,29.915
0.4,29.05
0.5,29.95
0.6,29.435
0.7,26.119
0.8,25.848
0.9,26.59
1.0,29.498
1.1,27.25
1.2,35.007
1.3,25.542
1.4,24.703
1.5,30.305
1.6,32.266
1.7,29.517
1.8,30.507
1.9,32.279
2.0,27.718
2.1,23.731
2.2,26.404
2.3,30.859
2.4,23.669
2.5,28.101
2.6,28.76
2.7,27.053
2.8,30.171
2.9,29.742
3.0,34.964
3.1,29.86
3.2,26.172
3.3,26.315
3.4,25.505
3.5,30.857
3.6,26.3
3.7,27.789
3.8,30.248
3.9,25.83
4.0,27.119
4.1,22.476
4.2,24.753
4.3,26.297
4.4,29.247
4.5,31.58
4.6,27.945
4.7,28.784
4.8,28.504
4.9,31.254
5.0,30.68
5.1,28.821
5.2,24.967
5.3,30.71
5.4,29.143
5.5,31.681
5.6,27.91
5.7,33.859
5.8,26.923
5.9,32.779
6.0,28.345
6.1,26.451
6.2,24.615
6.3,27.547
6.4,32.27
6.5,30.449
6.6,30.067
6.7,20.872
6.8,30.133
6.9,29.668
7.0,26.35
7.1,26.118
7.2,27.993
7.3,33.175
7.4,24.835
7.5,26.717
7.6,32.085
7.7,26.662
7.8,26.907
7.9,28.293
8.0,24.276
8.1,28.66
8.2,24.371
8.3,30.656
8.4,28.01
8.5,34.85
8.6,28.843
8.7,32.097
8.8,24.09
8.9,27.634
9.0,28.969
9.1,33.237
9.2,22.957
9.3,30.972
9.4,29.774
9.5,32.601
9.6,30.137
9.7,28.156
9.8,26.435
9.9,24.255
10.0,28.586
10.1,27.425
10.2,34.061
10.3,26.167
10.4,28.961
10.5,23.293
10.6,26.814
10.7,28.783
10.8,30.472
10.9,32.344
11.0,27.868
11.1,24.648
11.2,29.374
11.3,29.551
11.4,29.475
11.5,25.899
11.6,31.4
11.7,28.264
11.8,30.099
11.9,31.822
12.0,29.828
12.1,28.86
12.2,34.458
12.3,28.731
12.4,27.112
12.5,28.336
12.6,32.448
12.7,28.356
12.8,29.558
12.9,31.587
13.0,26.461
13.1,22.82
13.2,28.898
13.3,28.689
13.4,26.176
13.5,30.613
13.6,29.823
13.7,25.015
13.8,29.555
13.9,27.412
14.0,23.551
14.1,29.359
14.2,27.864
14.3,25.764
14.4,29.569
14.5,29.464
14.6,26.267
14.7,120.396
14.8,61.76
14.9,44.934
15.0,34.798
15.1,30.442
15.2,25.098
15.3,38.844
15.4,31.568
15.5,32.069
15.6,21.22
15.7,33.217
15.8,25.398
15.9,29.736
16.0,30.992
16.1,28.686
16.2,30.959
16.3,30.732
16.4,29.055
16.5,30.345
16.6,27.783
16.7,28.702
16.8,24.77
16.9,21.33
17.0,31.504
17.1,31.82
17.2,27.89
17.3,27.657
17.4,26.294
17.5,25.716
17.6,35.559
17.7,24.704
17.8,26.21
17.9,27.987
18.0,26.971
18.1,24.938
18.2,26.21
18.3,29.056
18.4,26.597
18.5,29.189
18.6,27.701
18.7,29.583
18.8,31.71
18.9,27.005
19.0,26.041
19.1,32.601
19.2,32.314
19.3,28.096
19.4,32.03
19.5,25.712
19.6,25.868
19.7,24.844
19.8,26.169
19.9,29.86
20.0,27.191
20.1,27.533
20.2,25.834
20.3,24.449
20.4,30.727
20.5,27.192
20.6,30.488
20.7,28.014
20.8,26.836
20.9,17.575
21.0,30.797
21.1,29.17
21.2,27.971
21.3,28.54
21.4,30.292
21.5,33.652
21.6,25.48
21.7,30.091
21.8,26.018
21.9,31.113
22.0,32.755
22.1,26.812
22.2,24.048
22.3,32.357
22.4,27.65
22.5,33.523
22.6,28.272
22.7,26.648
22.8,32.216
22.9,29.494
23.0,27.397
23.1,29.068
23.2,28.947
23.3,25.74
23.4,27.215
23.5,24.227
23.6,25.08
23.7,29.223
23.8,32.075
23.9,27.695
24.0,31.461
24.1,32.807
24.2,24.748
24.3,30.634
24.4,29.726
24.5,27.958
24.6,28.249
24.7,28.565
24.8,23.766
24.9,27.63
25.0,32.919
25.1,24.996
25.2,26.989
25.3,29.184
25.4,28.072
25.5,32.82
25.6,23.648
25.7,22.541
25.8,26.392
25.9,26.525
26.0,27.158
26.1,29.793
26.2,29.849
26.3,32.308
26.4,24.828
26.5,32.116
26.6,23.069
26.7,28.564
26.8,30.202
26.9,32.17
27.0,31.143
27.1,30.287
27.2,25.961
27.3,26.738
27.4,26.805
27.5,33.426
27.6,25.442
27.7,33.413
27.8,27.185
27.9,28.494
28.0,27.544
28.1,27.773
28.2,25.314
28.3,32.899
28.4,25.725
28.5,31.596
28.6,23.873
28.7,27.444
28.8,33.25
28.9,32.735
29.0,31.822
29.1,29.342
29.2,26.348
29.3,86.899
29.4,70.088
29.5,36.446
29.6,28.65
29.7,25.169
29.8,33.286
29.9,30.375
30.0,27.499
30.1,26.09
30.2,25.647
30.3,31.693
30.4,27.561
30.5,29.378
30.6,27.447
30.7,29.849
30.8,27.652
30.9,30.292
31.0,27.45
31.1,30.489
31.2,30.017
31.3,27.65
31.4,25.421
31.5,25.18
31.6,25.778
31.7,25.047
31.8,30.597
31.9,27.86
32.0,32.71
32.1,34.838
32.2,28.073
32.3,23.356
32.4,26.856
32.5,27.774
32.6,23.535
32.7,27.249
32.8,28.861
32.9,26.622
33.0,25.695
33.1,25.724
33.2,33.36
33.3,27.521
33.4,25.51
33.5,26.881
33.6,30.863
33.7,25.946
33.8,29.446
33.9,30.184
34.0,30.247
34.1,32.199
34.2,26.349
34.3,31.398
34.4,25.621
34.5,26.81
34.6,31.588
34.7,30.467
34.8,28.006
34.9,24.426
35.0,29.685
35.1,26.109
35.2,25.228
35.3,26.056
35.4,28.739
35.5,21.637
35.6,29.082
35.7,28.522
35.8,26.246
35.9,31.111
36.0,29.834
36.1,26.181
36.2,25.99
36.3,30.085
36.4,23.452
36.5,27.002
36.6,26.107
36.7,28.21
36.8,28.633
36.9,28.11
37.0,31.405
37.1,28.684
37.2,27.055
37.3,24.367
37.4,30.166
37.5,29.584
37.6,32.352
37.7,25.758
37.8,28.079
37.9,27.824
38.0,27.737
38.1,28.031
38.2,22.856
38.3,30.475
38.4,29.96
38.5,31.391
38.6,34.749
38.7,27.043
38.8,27.892
38.9,28.029
39.0,33.827
39.1,22.806
39.2,29.457
39.3,23.588
39.4,20.255
39.5,21.938
39.6,23.855
39.7,31.207
39.8,25.395
39.9,27.318
40.0,24.509
40.1,29.833
40.2,24.694
40.3,31.953
40.4,25.021
40.5,25.706
40.6,28.368
40.7,28.074
40.8,32.274
40.9,28.361
41.0,24.376
41.1,26.319
41.2,26.282
41.3,30.175
41.4,29.151
41.5,27.642
41.6,30.609
41.7,26.415
41.8,27.591
41.9,28.542
42.0,32.585
42.1,27.704
42.2,26.948
42.3,24.862
42.4,30.058
42.5,26.237
42.6,29.031
42.7,22.295
42.8,31.13
42.9,24.004
43.0,25.668
43.1,31.176
43.2,23.997
43.3,27.762
43.4,28.223
43.5,25.004
43.6,32.029
43.7,32.496
43.8,22.085
43.9,23.653
44.0,128.638
44.1,51.362
44.2,42.026
44.3,30.67
44.4,28.492
44.5,26.685
44.6,25.244
44.7,29.713
44.8,30.899
44.9,30.911
45.0,31.009
45.1,30.96
45.2,28.506
45.3,27.354
45.4,27.723
45.5,26.989
45.6,26.734
45.7,27.064
45.8,28.23
45.9,26.5
46.0,29.425
46.1,25.643
46.2,32.497
46.3,24.367
46.4,31.449
46.5,29.126
46.6,26.009
46.7,28.517
46.8,28.292
46.9,15.462
47.0,24.83
47.1,25.445
47.2,31.518
47.3,28.85
47.4,23.726
47.5,28.195
47.6,20.669
47.7,28.19
47.8,28.578
47.9,28.897
48.0,29.274
48.1,26.126
48.2,24.619
48.3,28.93
48.4,32.558
48.5,28.193
48.6,26.192
48.7,24.108
48.8,24.892
48.9,32.173
49.0,31.658
49.1,29.4
49.2,27.685
49.3,30.561
49.4,28.417
49.5,24.668
49.6,21.215
49.7,24.214
49.8,30.874
49.9,32.081
50.0,30.112
50.1,27.03
50.2,27.003
50.3,28.823
50.4,22.212
50.5,26.769
50.6,27.101
50.7,33.214
50.8,27.469
50.9,26.18
51.0,30.599
51.1,25.552
51.2,30.588
51.3,24.833
51.4,32.906
51.5,28.622
51.6,26.727
51.7,32.134
51.8,26.96
51.9,30.232
52.0,23.861
52.1,23.515
52.2,29.925
52.3,30.325
52.4,27.488
52.5,29.333
52.6,24.517
52.7,24.809
52.8,28.332
52.9,27.718
53.0,25.645
53.1,31.373
53.2,23.461
53.3,33.301
53.4,31.21
53.5,28.129
53.6,31.351
53.7,25.748
53.8,26.129
53.9,33.759
54.0,29.05
54.1,28.86
54.2,29.884
54.3,28.81
54.4,25.386
54.5,31.406
54.6,24.815
54.7,27.93
54.8,28.423
54.9,29.202
55.0,27.593
55.1,27.351
55.2,24.587
55.3,28.236
55.4,23.411
55.5,25.879
55.6,25.234
55.7,28.353
55.8,26.722
55.9,28.817
56.0,32.53
56.1,26.63
56.2,31.716
56.3,24.361
56.4,28.617
56.5,23.568
56.6,30.241
56.7,25.728
56.8,32.084
56.9,27.701
57.0,30.263
57.1,29.425
57.2,29.349
57.3,30.717
57.4,30.537
57.5,28.147
57.6,26.086
57.7,28.724
57.8,31.375
57.9,26.693
58.0,19.883
58.1,25.582
58.2,27.623
58.3,29.591
58.4,29.164
58.5,28.266
58.6,29.868
58.7,31.693
58.8,28.329
58.9,26.765
59.0,36.023
59.1,23.62
59.2,26.474
59.3,32.238
59.4,32.307
59.5,21.919
59.6,28.349
59.7,24.982
59.8,26.484
59.9,26.217
60.0,28.7
60.1,34.77
60.2,30.265
60.3,22.48
60.4,28.778
60.5,27.045
60.6,28.688
60.7,108.372
60.8,95.397
60.9,38.354
61.0,52.268
61.1,23.834
61.2,24.713
61.3,28.555
61.4,31.606
61.5,24.911
61.6,28.993
61.7,33.813
61.8,20.989
61.9,26.575
62.0,31.929
62.1,24.198
62.2,24.87
62.3,29.938
62.4,27.338
62.5,29.069
62.6,32.278
62.7,29.022
62.8,29.547
62.9,28.196
63.0,28.1
63.1,24.166
63.2,29.232
63.3,27.442
63.4,30.104
63.5,26.751
63.6,23.495
63.7,23.615
63.8,29.303
63.9,32.69
64.0,25.57
64.1,24.88
64.2,24.878
64.3,30.887
64.4,26.722
64.5,23.836
64.6,26.803
64.7,32.712
64.8,24.943
64.9,29.628
65.0,28.784
65.1,26.234
65.2,32.665
65.3,25.755
65.4,26.957
65.5,31.254
65.6,31.228
65.7,25.772
65.8,21.181
65.9,24.499
66.0,27.99
66.1,28.749
66.2,28.414
66.3,25.591
66.4,29.096
66.5,27.997
66.6,29.313
66.7,33.542
66.8,26.648
66.9,21.444
67.0,24.649
67.1,32.481
67.2,27.988
67.3,27.895
67.4,28.853
67.5,28.133
67.6,24.62
67.7,24.126
67.8,22.56
67.9,29.661
68.0,31.617
68.1,25.688
68.2,25.385
68.3,30.331
68.4,29.505
68.5,25.767
68.6,31.87
68.7,29.681
68.8,25.908
68.9,27.143
69.0,25.68
69.1,33.176
69.2,26.144
69.3,24.858
69.4,26.977
69.5,26.954
69.6,30.436
69.7,31.0
69.8,27.431
69.9,19.105
70.0,27.182
70.1,25.943
70.2,24.862
70.3,26.346
70.4,29.003
70.5,24.743
70.6,31.849
70.7,24.425
70.8,24.407
70.9,29.089
71.0,31.627
71.1,30.894
71.2,26.586
71.3,27.512
71.4,26.553
71.5,32.052
71.6,27.31
71.7,28.118
71.8,29.758
71.9,24.389
72.0,26.806
72.1,35.795
72.2,33.17
72.3,30.85
72.4,26.264
72.5,32.193
72.6,31.814
72.7,23.236
72.8,28.049
72.9,25.606
73.0,27.866
73.1,32.266
73.2,20.758
73.3,28.15
73.4,31.795
73.5,22.959
73.6,32.525
73.7,21.839
73.8,27.681
73.9,29.584
74.0,26.181
74.1,28.773
74.2,24.991
74.3,31.271
74.4,26.566
74.5,29.049
74.6,25.79
74.7,26.802
74.8,31.805
74.9,31.48
75.0,27.976
75.1,30.22
75.2,30.999
75.3,25.861
75.4,164.404
75.5,57.429
75.6,57.262
75.7,39.112
75.8,27.046
75.9,32.772
76.0,29.343
76.1,26.479
76.2,22.736
76.3,24.658
76.4,30.906
76.5,31.628
76.6,20.384
76.7,27.176
76.8,28.024
76.9,23.993
77.0,27.942
77.1,32.173
77.2,23.539
77.3,24.589
77.4,29.343
77.5,23.372
77.6,29.284
77.7,24.306
77.8,30.345
77.9,29.91
78.0,30.786
78.1,30.677
78.2,27.475
78.3,26.469
78.4,23.933
78.5,31.501
78.6,23.291
78.7,29.86
78.8,25.732
78.9,26.057
79.0,32.365
79.1,28.359
79.2,21.923
79.3,29.101
79.4,28.253
79.5,23.41
79.6,23.04
79.7,32.971
79.8,27.92
79.9,26.75
80.0,28.551
80.1,23.937
80.2,23.464
80.3,23.669
80.4,29.6
80.5,28.756
80.6,27.475
80.7,28.715
80.8,25.604
80.9,26.811
81.0,29.191
81.1,24.198
81.2,27.246
81.3,28.483
81.4,26.234
81.5,33.338
81.6,30.89
81.7,26.374
81.8,26.478
81.9,29.423
82.0,27.132
82.1,25.772
82.2,28.555
82.3,27.986
82.4,28.412
82.5,30.173
82.6,21.922
82.7,27.227
82.8,26.42
82.9,25.421
83.0,28.989
83.1,24.35
83.2,25.761
83.3,25.976
83.4,29.042
83.5,29.127
83.6,26.348
83.7,25.419
83.8,30.285
83.9,28.314
84.0,31.895
84.1,19.611
84.2,23.738
84.3,25.677
84.4,35.953
84.5,26.69
84.6,25.985
84.7,23.821
84.8,26.163
84.9,27.968
85.0,27.049
85.1,25.241
85.2,25.821
85.3,30.03
85.4,26.605
85.5,29.239
85.6,24.091
85.7,25.441
85.8,31.416
85.9,24.726
86.0,24.891
86.1,27.2
86.2,23.671
86.3,30.224
86.4,24.413
86.5,31.553
86.6,25.533
86.7,122.776
86.8,79.032
86.9,50.801
87.0,29.346
87.1,28.719
87.2,29.426
87.3,20.242
87.4,26.039
87.5,21.487
87.6,26.721
87.7,29.12
87.8,25.977
87.9,29.556
88.0,24.932
88.1,29.727
88.2,23.339
88.3,27.215
88.4,29.259
88.5,29.608
88.6,27.618
88.7,33.819
88.8,26.757
88.9,26.647
89.0,19.721
89.1,33.307
89.2,26.893
89.3,24.472
89.4,31.963
89.5,31.707
89.6,28.325
89.7,23.695
89.8,29.257
89.9,26.136
90.0,24.488
90.1,31.13
90.2,21.602
90.3,29.701
90.4,29.378
90.5,34.153
90.6,28.976
90.7,21.825
90.8,25.492
90.9,28.194
91.0,29.067
91.1,30.942
91.2,22.121
91.3,27.01
91.4,30.91
91.5,32.632
91.6,33.583
91.7,26.829
91.8,31.293
91.9,33.135
92.0,31.594
92.1,30.171
92.2,30.483
92.3,25.63
92.4,23.658
92.5,30.949
92.6,26.959
92.7,27.916
92.8,26.264
92.9,26.821
93.0,28.698
93.1,24.934
93.2,28.206
93.3,28.738
93.4,27.768
93.5,25.769
93.6,30.36
93.7,33.618
93.8,26.196
93.9,31.703
94.0,30.668
94.1,20.04
94.2,25.716
94.3,26.092
94.4,30.345
94.5,28.565
94.6,29.423
94.7,29.909
94.8,25.303
94.9,25.76
95.0,24.331
95.1,27.489
95.2,27.643
95.3,28.514
95.4,25.818
95.5,30.72
95.6,30.751
95.7,32.64
95.8,30.134
95.9,28.557
96.0,30.017
96.1,29.829
96.2,26.045
96.3,31.868
96.4,33.156
96.5,33.931
96.6,28.106
96.7,28.973
96.8,29.249
96.9,27.992
97.0,29.858
97.1,27.636
97.2,27.419
97.3,33.277
97.4,28.494
97.5,28.201
97.6,30.646
97.7,28.451
97.8,28.875
97.9,27.809
98.0,24.339
98.1,27.907
98.2,24.589
98.3,28.63
98.4,24.456
98.5,30.75
98.6,30.248
98.7,28.841
98.8,27.7
98.9,29.249
99.0,22.105
99.1,24.71
99.2,27.554
99.3,29.036
99.4,27.762
99.5,24.986
99.6,28.4
99.7,26.639
99.8,24.794
99.9,28.989
100.0,27.37
100.1,31.589
100.2,29.997
100.3,30.204
100.4,28.965
100.5,25.464
100.6,25.193
100.7,23.587
100.8,36.637
100.9,24.762
101.0,27.371
101.1,26.919
101.2,27.157
101.3,26.248
101.4,22.395
101.5,25.005
101.6,23.828
101.7,27.62
101.8,25.947
101.9,25.938
102.0,28.648
102.1,26.252
102.2,30.796
102.3,26.841
102.4,28.675
102.5,118.865
102.6,56.43
102.7,58.146
102.8,31.579
102.9,32.038
103.0,30.803
103.1,29.447
103.2,24.46
103.3,24.702
103.4,26.008
103.5,27.265
103.6,29.344
103.7,25.31
103.8,31.531
103.9,28.011
104.0,21.962
104.1,26.574
104.2,20.244
104.3,25.745
104.4,26.353
104.5,26.169
104.6,27.024
104.7,26.818
104.8,26.219
104.9,32.507
105.0,31.645
105.1,24.574
105.2,31.762
105.3,23.136
105.4,25.556
105.5,32.576
105.6,21.281
105.7,29.724
105.8,24.24
105.9,27.568
106.0,27.459
106.1,33.092
106.2,25.568
106.3,27.793
106.4,29.881
106.5,27.245
106.6,25.534
106.7,27.822
106.8,28.281
106.9,30.652
107.0,25.171
107.1,26.653
107.2,28.969
107.3,27.498
107.4,27.444
107.5,27.949
107.6,25.912
107.7,25.601
107.8,29.322
107.9,24.715
108.0,31.496
108.1,28.652
108.2,24.17
108.3,28.849
108.4,28.502
108.5,30.286
108.6,31.477
108.7,26.901
108.8,25.877
108.9,26.182
109.0,25.057
109.1,25.761
109.2,28.854
109.3,28.046
109.4,26.526
109.5,25.785
109.6,29.044
109.7,26.495
109.8,24.88
109.9,27.545
110.0,27.207
110.1,24.79
110.2,30.482
110.3,30.538
110.4,28.123
110.5,28.393
110.6,29.582
110.7,27.907
110.8,30.674
110.9,32.968
111.0,28.241
111.1,29.321
111.2,30.62
111.3,26.986
111.4,24.615
111.5,30.718
111.6,23.294
111.7,33.367
111.8,30.611
111.9,28.563
112.0,28.153
112.1,33.254
112.2,25.161
112.3,24.519
112.4,26.206
112.5,27.215
112.6,24.981
112.7,28.462
112.8,28.408
112.9,25.558
113.0,32.809
113.1,23.824
113.2,24.17
113.3,29.128
113.4,27.378
113.5,29.253
113.6,26.143
113.7,24.9
113.8,26.063
113.9,25.949
114.0,29.575
114.1,26.56
114.2,30.284
114.3,29.764
114.4,31.122
114.5,30.702
114.6,30.353
114.7,30.31
114.8,26.45
114.9,27.214
115.0,22.51
115.1,28.875
115.2,25.979
115.3,29.205
115.4,29.582
115.5,23.944
115.6,24.958
115.7,26.952
115.8,26.447
115.9,28.501
116.0,24.534
116.1,28.142
116.2,22.935
116.3,21.535
116.4,30.15
116.5,24.084
116.6,26.32
116.7,23.748
116.8,196.807
116.9,86.993
117.0,48.846
117.1,39.305
117.2,29.008
117.3,26.781
117.4,31.056
117.5,33.306
117.6,29.982
117.7,33.312
117.8,30.78
117.9,30.547
118.0,24.729
118.1,24.659
118.2,27.852
118.3,22.992
118.4,26.221
118.5,30.602
118.6,26.005
118.7,29.6
118.8,23.946
118.9,26.519
119.0,31.07
119.1,28.626
119.2,28.871
119.3,33.114
119.4,31.89
119.5,25.369
119.6,31.954
119.7,26.154
119.8,27.947
119.9,28.046
120.0,31.219
120.1,24.612
120.2,29.356
120.3,29.572
120.4,30.435
120.5,27.369
120.6,31.01
120.7,25.865
120.8,31.441
120.9,29.057
121.0,23.8
121.1,29.224
121.2,28.538
121.3,26.933
121.4,25.791
121.5,27.279
121.6,23.674
121.7,33.072
121.8,24.615
121.9,26.016
122.0,31.435
122.1,29.755
122.2,30.161
122.3,32.55
122.4,27.064
122.5,24.861
122.6,30.533
122.7,30.389
122.8,27.019
122.9,24.203
123.0,31.717
123.1,29.728
123.2,23.88
123.3,30.34
123.4,23.677
123.5,26.552
123.6,24.63
123.7,26.087
123.8,25.5
123.9,26.16
124.0,30.173
124.1,28.884
124.2,29.886
124.3,31.277
124.4,26.882
124.5,28.24
124.6,29.614
124.7,33.12
124.8,30.697
124.9,32.145
125.0,31.057
125.1,31.172
125.2,22.646
125.3,30.643
125.4,28.639
125.5,28.163
125.6,26.418
125.7,26.724
125.8,29.249
125.9,30.52
126.0,23.507
126.1,28.654
126.2,26.318
126.3,25.148
126.4,29.178
126.5,27.014
126.6,26.023
126.7,25.693
126.8,28.844
126.9,27.97
127.0,24.725
127.1,25.477
127.2,27.452
127.3,29.215
127.4,24.851
127.5,29.464
127.6,25.528
127.7,36.183
127.8,25.177
127.9,25.63
128.0,28.582
128.1,25.293
128.2,30.483
128.3,33.404
128.4,26.837
128.5,28.518
128.6,26.447
128.7,28.0
128.8,32.295
128.9,30.683
129.0,25.287
129.1,32.638
129.2,31.486
129.3,29.459
129.4,26.022
129.5,28.197
129.6,25.614
129.7,29.403
129.8,27.051
129.9,21.295
130.0,30.779
130.1,28.574
130.2,31.235
130.3,27.591
130.4,28.565
130.5,31.346
130.6,29.163
130.7,28.864
130.8,37.643
130.9,27.493
131.0,28.508
131.1,33.202
131.2,25.585
131.3,79.733
131.4,55.452
131.5,40.132
131.6,23.939
131.7,27.097
131.8,24.853
131.9,29.218
132.0,28.04
132.1,27.788
132.2,33.691
132.3,23.39
132.4,26.54
132.5,26.566
132.6,27.747
132.7,27.398
132.8,30.467
132.9,30.991
133.0,28.925
133.1,28.903
133.2,24.809
133.3,32.995
133.4,32.177
133.5,27.552
133.6,27.688
133.7,25.778
133.8,27.785
133.9,29.97
134.0,30.493
134.1,26.329
134.2,26.53
134.3,24.162
134.4,30.219
134.5,34.985
134.6,32.167
134.7,31.34
134.8,29.512
134.9,19.059
135.0,27.588
135.1,25.186
135.2,27.004
135.3,23.812
135.4,28.795
135.5,30.279
135.6,27.727
135.7,33.261
135.8,28.539
135.9,25.265
136.0,32.035
136.1,24.43
136.2,24.281
136.3,27.749
136.4,25.314
136.5,31.625
136.6,29.037
136.7,28.723
136.8,26.285
136.9,28.611
137.0,24.703
137.1,26.573
137.2,24.007
137.3,28.408
137.4,26.997
137.5,28.544
137.6,24.726
137.7,27.758
137.8,28.865
137.9,28.274
138.0,28.834
138.1,31.299
138.2,26.532
138.3,31.746
138.4,27.744
138.5,27.896
138.6,33.018
138.7,29.02
138.8,30.628
138.9,29.158
139.0,22.1
139.1,27.238
139.2,29.346
139.3,23.747
139.4,32.643
139.5,27.732
139.6,21.641
139.7,21.874
139.8,33.289
139.9,24.481
140.0,28.084
140.1,31.228
140.2,26.338
140.3,29.527
140.4,23.413
140.5,31.584
140.6,29.939
140.7,29.654
140.8,24.615
140.9,27.47
141.0,29.105
141.1,26.637
141.2,25.825
141.3,25.473
141.4,26.1
141.5,26.968
141.6,25.405
141.7,33.847
141.8,29.594
141.9,21.607
142.0,36.509
142.1,26.71
142.2,36.293
142.3,29.122
142.4,27.619
142.5,26.149
142.6,25.832
142.7,29.428
142.8,23.706
142.9,29.593
143.0,27.513
143.1,23.919
143.2,24.728
143.3,29.093
143.4,28.243
143.5,28.511
143.6,25.18
143.7,25.122
143.8,30.607
143.9,24.428
144.0,25.226
144.1,30.746
144.2,27.085
144.3,28.322
144.4,24.095
144.5,25.029
144.6,27.444
144.7,26.659
144.8,26.164
144.9,31.702
145.0,31.2
145.1,25.032
145.2,28.018
145.3,25.836
145.4,27.117
145.5,27.789
145.6,31.255
145.7,30.46
145.8,27.944
145.9,31.018
146.0,26.253
146.1,32.214
146.2,32.091
146.3,21.87
146.4,29.905
146.5,26.79
146.6,145.288
146.7,61.701
146.8,33.271
146.9,21.9
147.0,26.345
147.1,30.814
147.2,24.195
147.3,31.837
147.4,26.115
147.5,28.97
147.6,24.557
147.7,29.453
147.8,29.388
147.9,31.409
148.0,32.062
148.1,31.761
148.2,28.627
148.3,24.322
148.4,31.971
148.5,24.088
148.6,26.684
148.7,30.211
148.8,29.331
148.9,32.779
149.0,27.988
149.1,22.93
149.2,27.174
149.3,28.522
149.4,26.948
149.5,32.237
149.6,27.257
149.7,23.692
149.8,29.4
149.9,24.557
150.0,33.1
150.1,28.81
150.2,23.79
150.3,31.238
150.4,35.108
150.5,21.988
150.6,30.709
150.7,29.452
150.8,28.527
150.9,29.03
151.0,29.476
151.1,25.921
151.2,32.233
151.3,23.951
151.4,33.876
151.5,32.583
151.6,24.442
151.7,27.984
151.8,32.26
151.9,26.527
152.0,27.513
152.1,26.793
152.2,31.502
152.3,26.177
152.4,27.971
152.5,29.621
152.6,27.377
152.7,25.401
152.8,23.975
152.9,23.445
153.0,24.461
153.1,22.838
153.2,25.819
153.3,28.901
153.4,28.162
153.5,25.52
153.6,24.946
153.7,25.02
153.8,23.836
153.9,24.292
154.0,30.143
154.1,23.786
154.2,28.052
154.3,26.146
154.4,35.284
154.5,22.609
154.6,28.58
154.7,26.999
154.8,25.687
154.9,28.946
155.0,28.467
155.1,24.793
155.2,29.279
155.3,29.168
155.4,31.928
155.5,26.17
155.6,32.411
155.7,27.41
155.8,22.072
155.9,29.569
156.0,27.755
156.1,25.353
156.2,30.8
156.3,26.585
156.4,31.051
156.5,27.752
156.6,30.251
156.7,30.038
156.8,29.42
156.9,24.904
157.0,30.759
157.1,28.065
157.2,34.007
157.3,29.436
157.4,30.253
157.5,25.705
157.6,26.782
157.7,28.29
157.8,24.489
157.9,24.489
158.0,27.674
158.1,27.766
158.2,28.606
158.3,31.351
158.4,26.799
158.5,30.043
158.6,27.566
158.7,27.418
158.8,28.771
158.9,21.797
159.0,28.199
159.1,26.085
159.2,25.21
159.3,22.339
159.4,26.671
159.5,22.368
159.6,30.61
159.7,27.282
159.8,22.954
159.9,25.979
160.0,30.265
160.1,26.215
160.2,27.156
160.3,26.892
160.4,27.615
160.5,22.901
160.6,27.864
160.7,26.326
160.8,36.861
160.9,27.361
161.0,26.633
161.1,30.965
161.2,27.532
161.3,28.76
161.4,25.378
161.5,32.666
161.6,26.117
161.7,29.126
161.8,31.397
161.9,27.086
162.0,28.0
162.1,29.76
162.2,107.517
162.3,58.768
162.4,40.32
162.5,26.646
162.6,26.835
162.7,32.911
162.8,27.71
162.9,27.173
163.0,30.588
163.1,29.747
163.2,24.74
163.3,27.351
163.4,25.552
163.5,29.154
163.6,25.366
163.7,24.137
163.8,20.557
163.9,23.368
164.0,25.312
164.1,27.293
164.2,23.476
164.3,31.356
164.4,28.567
164.5,33.132
164.6,26.923
164.7,28.645
164.8,24.114
164.9,27.29
165.0,24.093
165.1,30.023
165.2,31.709
165.3,23.798
165.4,24.068
165.5,30.716
165.6,31.63
165.7,35.157
165.8,29.439
165.9,28.452
166.0,28.374
166.1,27.33
166.2,29.583
166.3,26.874
166.4,25.129
166.5,29.055
166.6,21.332
166.7,31.414
166.8,24.492
166.9,29.512
167.0,28.624
167.1,28.704
167.2,30.565
167.3,26.081
167.4,24.88
167.5,27.279
167.6,29.704
167.7,30.338
167.8,26.559
167.9,24.857
168.0,32.09
168.1,27.217
168.2,23.764
168.3,26.564
168.4,24.141
168.5,28.801
168.6,30.11
168.7,26.0
168.8,27.236
168.9,30.485
169.0,27.573
169.1,27.504
169.2,29.984
169.3,27.269
169.4,25.484
169.5,23.935
169.6,33.685
169.7,28.675
169.8,25.699
169.9,31.25
170.0,31.124
170.1,21.888
170.2,33.762
170.3,31.108
170.4,21.217
170.5,28.836
170.6,25.66
170.7,26.888
170.8,32.616
170.9,26.155
171.0,30.666
171.1,27.861
171.2,31.423
171.3,29.107
171.4,31.563
171.5,32.227
171.6,26.108
171.7,30.699
171.8,31.151
171.9,26.089
172.0,26.84
172.1,26.218
172.2,24.767
172.3,27.362
172.4,27.249
172.5,23.921
172.6,30.471
172.7,32.155
172.8,31.041
172.9,31.791
173.0,28.123
173.1,30.767
173.2,26.679
173.3,33.652
173.4,25.555
173.5,26.019
173.6,28.283
173.7,30.573
173.8,27.406
173.9,24.013
174.0,22.8
174.1,31.317
174.2,30.089
174.3,23.309
174.4,26.947
174.5,34.115
174.6,25.43
174.7,30.815
174.8,33.53
174.9,31.029
175.0,34.017
175.1,31.017
175.2,27.946
175.3,20.957
175.4,28.204
175.5,34.654
175.6,26.386
175.7,28.293
175.8,27.714
175.9,26.699
176.0,27.408
176.1,30.441
176.2,27.738
176.3,31.747
176.4,27.743
176.5,20.919
176.6,28.271
176.7,29.999
176.8,25.286
176.9,28.516
177.0,29.373
177.1,29.737
177.2,30.835
177.3,27.912
177.4,29.924
177.5,27.554
177.6,22.712
177.7,23.403
177.8,25.914
177.9,30.666
178.0,33.272
178.1,32.484
178.2,24.613
178.3,26.728
178.4,27.877
178.5,27.068
178.6,26.324
178.7,29.683
178.8,30.051
178.9,28.029
179.0,30.332
179.1,28.456
179.2,33.002
179.3,30.438
179.4,27.276
179.5,27.923
179.6,27.552
179.7,25.378
179.8,24.21
179.9,29.392
180.0,28.573
180.1,113.762
180.2,86.376
180.3,35.125
180.4,25.52
180.5,30.168
180.6,26.738
180.7,26.414
180.8,26.608
180.9,29.156
181.0,29.287
181.1,27.942
181.2,23.907
181.3,24.73
181.4,29.91
181.5,24.337
181.6,28.679
181.7,26.918
181.8,26.193
181.9,28.08
182.0,33.029
182.1,28.866
182.2,27.113
182.3,23.58
182.4,29.537
182.5,31.41
182.6,29.822
182.7,31.498
182.8,29.43
182.9,24.09
183.0,27.865
183.1,29.575
183.2,30.163
183.3,26.521
183.4,27.81
183.5,29.098
183.6,31.814
183.7,31.016
183.8,29.939
183.9,29.189
184.0,24.924
184.1,24.697
184.2,27.724
184.3,31.125
184.4,29.186
184.5,29.683
184.6,23.495
184.7,23.615
184.8,31.36
184.9,27.896
185.0,24.059
185.1,30.647
185.2,28.774
185.3,36.854
185.4,31.75
185.5,29.04
185.6,27.547
185.7,28.697
185.8,27.692
185.9,23.684
186.0,30.783
186.1,28.825
186.2,19.736
186.3,26.093
186.4,25.514
186.5,30.943
186.6,27.868
186.7,32.462
186.8,23.225
186.9,24.773
187.0,31.201
187.1,26.034
187.2,24.824
187.3,26.42
187.4,25.721
187.5,29.618
187.6,31.355
187.7,23.239
187.8,27.128
187.9,28.043
188.0,28.247
188.1,30.5
188.2,28.36
188.3,26.261
188.4,24.664
188.5,22.526
188.6,26.887
188.7,28.043
188.8,30.765
188.9,26.867
189.0,34.971
189.1,27.771
189.2,26.55
189.3,29.142
189.4,25.088
189.5,28.627
189.6,21.808
189.7,30.028
189.8,28.2
189.9,28.632
190.0,28.464
190.1,24.179
190.2,25.304
190.3,32.699
190.4,29.484
190.5,26.208
190.6,29.263
190.7,29.223
190.8,33.863
190.9,31.331
191.0,29.234
191.1,26.652
191.2,33.351
191.3,27.695
191.4,25.388
191.5,24.339
191.6,25.413
191.7,26.908
191.8,30.296
191.9,30.74
192.0,31.453
192.1,28.459
192.2,30.494
192.3,34.778
192.4,30.731
192.5,32.809
192.6,23.468
192.7,25.775
192.8,25.747
192.9,19.969
193.0,28.221
193.1,32.177
193.2,26.394
193.3,28.586
193.4,25.438
193.5,26.525
193.6,28.856
193.7,24.413
193.8,31.522
193.9,22.244
194.0,28.967
194.1,26.526
194.2,32.467
194.3,30.286
194.4,21.748
194.5,20.733
194.6,24.996
194.7,26.493
194.8,27.433
194.9,28.091
195.0,30.021
195.1,23.902
195.2,22.598
195.3,28.757
195.4,26.917
195.5,27.69
195.6,26.075
195.7,27.48
195.8,32.46
195.9,23.13
196.0,24.323
196.1,29.925
196.2,32.702
196.3,27.383
196.4,24.212
196.5,21.997
196.6,28.782
196.7,70.335
196.8,116.666
196.9,66.112
197.0,36.836
197.1,28.19
197.2,32.081
197.3,29.879
197.4,34.393
197.5,23.09
197.6,26.333
197.7,25.288
197.8,30.525
197.9,26.519
198.0,29.807
198.1,24.493
198.2,27.717
198.3,34.891
198.4,32.915
198.5,22.364
198.6,29.094
198.7,30.479
198.8,26.52
198.9,24.693
199.0,29.986
199.1,28.302
199.2,29.658
199.3,27.526
199.4,34.993
199.5,25.258
199.6,26.512
199.7,29.545
199.8,30.195
199.9,23.864
200.0,31.892
200.1,23.626
200.2,28.019
200.3,27.079
200.4,25.877
200.5,31.4
200.6,20.959
200.7,25.808
200.8,25.292
200.9,30.625
201.0,32.651
201.1,30.326
201.2,32.186
201.3,21.326
201.4,28.491
201.5,23.851
201.6,26.875
201.7,28.734
201.8,28.284
201.9,32.127
202.0,22.064
202.1,25.493
202.2,23.558
202.3,23.084
202.4,31.017
202.5,28.547
202.6,32.67
202.7,31.556
202.8,28.204
202.9,25.091
203.0,30.975
203.1,25.925
203.2,24.402
203.3,24.549
203.4,28.366
203.5,31.797
203.6,28.158
203.7,31.673
203.8,28.274
203.9,26.721
204.0,36.164
204.1,33.463
204.2,28.591
204.3,25.503
204.4,23.173
204.5,29.204
204.6,27.233
204.7,29.401
204.8,28.969
204.9,29.309
205.0,31.427
205.1,28.943
205.2,25.83
205.3,25.688
205.4,29.749
205.5,24.785
205.6,30.155
205.7,30.143
205.8,27.868
205.9,25.656
206.0,22.671
206.1,24.628
206.2,23.122
206.3,28.08
206.4,26.673
206.5,25.238
206.6,30.618
206.7,28.388
206.8,28.143
206.9,29.674
207.0,31.109
207.1,23.192
207.2,30.12
207.3,22.573
207.4,25.617
207.5,31.036
207.6,30.074
207.7,29.994
207.8,28.546
207.9,32.239
208.0,23.378
208.1,27.085
208.2,28.142
208.3,34.106
208.4,31.08
208.5,31.115
208.6,25.716
208.7,34.749
208.8,29.415
208.9,24.982
209.0,35.036
209.1,23.719
209.2,25.394
209.3,27.298
209.4,25.059
209.5,29.582
209.6,28.83
209.7,28.341
209.8,33.681
209.9,23.098
210.0,32.099
210.1,25.526
210.2,32.386
210.3,33.716
210.4,34.905
210.5,27.428
210.6,24.51
210.7,28.984
210.8,27.84
210.9,22.711
211.0,30.207
211.1,25.232
211.2,32.326
211.3,30.895
211.4,27.156
211.5,28.108
211.6,27.272
211.7,26.628
211.8,37.295
211.9,25.191
212.0,186.614
212.1,75.586
212.2,38.305
212.3,24.056
212.4,24.361
212.5,27.715
212.6,26.792
212.7,30.679
212.8,31.9
212.9,24.72
213.0,24.331
213.1,27.421
213.2,29.301
213.3,30.574
213.4,28.084
213.5,26.485
213.6,29.834
213.7,29.301
213.8,29.43
213.9,24.379
214.0,29.206
214.1,27.42
214.2,28.378
214.3,27.194
214.4,29.053
214.5,25.831
214.6,26.465
214.7,26.128
214.8,29.645
214.9,27.039
215.0,28.818
215.1,33.296
215.2,24.21
215.3,31.871
215.4,27.466
215.5,29.422
215.6,30.57
215.7,29.633
215.8,29.945
215.9,26.916
216.0,28.047
216.1,25.124
216.2,29.252
216.3,26.806
216.4,28.119
216.5,27.976
216.6,30.257
216.7,25.153
216.8,25.152
216.9,28.479
217.0,29.344
217.1,25.537
217.2,34.888
217.3,25.938
217.4,31.63
217.5,28.894
217.6,25.471
217.7,25.2
217.8,32.752
217.9,33.153
218.0,21.731
218.1,29.731
218.2,29.991
218.3,29.9
218.4,27.347
218.5,24.957
218.6,35.132
218.7,30.442
218.8,27.514
218.9,26.818
219.0,24.72
219.1,26.014
219.2,26.974
219.3,24.068
219.4,31.88
219.5,26.846
219.6,28.919
219.7,24.301
219.8,26.431
219.9,23.646
220.0,26.716
220.1,20.946
220.2,25.703
220.3,23.427
220.4,29.125
220.5,25.694
220.6,28.939
220.7,26.05
220.8,22.807
220.9,28.871
221.0,25.048
221.1,23.75
221.2,28.019
221.3,28.22
221.4,32.393
221.5,26.853
221.6,22.833
221.7,36.203
221.8,32.113
221.9,24.99
222.0,28.395
222.1,21.257
222.2,27.72
222.3,26.654
222.4,24.491
222.5,28.717
222.6,25.26
222.7,30.949
222.8,25.728
222.9,27.183
223.0,27.035
223.1,28.522
223.2,23.639
223.3,25.346
223.4,31.421
223.5,36.271
223.6,30.363
223.7,26.666
223.8,25.279
223.9,28.131
224.0,20.209
224.1,27.604
224.2,28.185
224.3,27.803
224.4,31.581
224.5,24.073
224.6,27.534
224.7,25.098
224.8,26.516
224.9,24.0
225.0,31.261
225.1,153.301
225.2,52.338
225.3,76.641
225.4,36.072
225.5,29.544
225.6,27.396
225.7,26.746
225.8,31.06
225.9,28.922
226.0,31.32
226.1,24.815
226.2,28.481
226.3,27.137
226.4,25.516
226.5,26.301
226.6,33.199
226.7,32.375
226.8,31.861
226.9,25.302
227.0,24.385
227.1,32.419
227.2,35.403
227.3,28.071
227.4,29.856
227.5,30.057
227.6,31.247
227.7,30.105
227.8,27.438
227.9,26.415
228.0,29.076
228.1,25.973
228.2,25.535
228.3,32.071
228.4,28.755
228.5,29.306
228.6,31.8
228.7,24.411
228.8,31.013
228.9,29.375
229.0,32.82
229.1,28.389
229.2,26.994
229.3,32.881
229.4,31.629
229.5,29.028
229.6,30.458
229.7,25.742
229.8,28.617
229.9,30.389
230.0,25.208
230.1,25.405
230.2,24.898
230.3,24.947
230.4,25.432
230.5,24.653
230.6,32.735
230.7,23.929
230.8,24.302
230.9,27.312
231.0,25.575
231.1,27.05
231.2,27.168
231.3,29.001
231.4,29.12
231.5,27.35
231.6,29.793
231.7,26.752
231.8,24.637
231.9,26.577
232.0,28.803
232.1,26.568
232.2,29.284
232.3,24.96
232.4,24.53
232.5,20.127
232.6,17.816
232.7,24.725
232.8,26.823
232.9,29.658
233.0,30.012
233.1,27.051
233.2,28.302
233.3,27.737
233.4,28.322
233.5,31.606
233.6,32.17
233.7,31.468
233.8,27.198
233.9,23.444
234.0,28.144
234.1,23.046
234.2,30.903
234.3,26.757
234.4,28.088
234.5,32.981
234.6,28.978
234.7,27.371
234.8,30.322
234.9,26.23
235.0,27.574
235.1,23.235
235.2,29.309
235.3,28.378
235.4,24.229
235.5,29.119
235.6,28.965
235.7,28.878
235.8,22.484
235.9,24.262
236.0,32.142
236.1,32.618
236.2,29.236
236.3,19.3
236.4,25.392
236.5,32.519
236.6,31.389
236.7,28.021
236.8,25.478
236.9,31.279
237.0,27.986
237.1,24.792
237.2,32.5
237.3,19.105
237.4,31.582
237.5,28.354
237.6,190.187
237.7,88.944
237.8,51.277
237.9,34.385
238.0,29.419
238.1,28.28
238.2,29.011
238.3,26.557
238.4,29.964
238.5,25.425
238.6,27.36
238.7,27.294
238.8,25.623
238.9,27.355
239.0,33.892
239.1,32.506
239.2,27.588
239.3,34.359
239.4,32.335
239.5,29.495
239.6,21.446
239.7,34.02
239.8,27.716
239.9,32.203
240.0,32.304
240.1,28.01
240.2,32.73
240.3,30.404
240.4,23.526
240.5,26.445
240.6,24.888
240.7,25.902
240.8,26.89
240.9,25.176
241.0,29.689
241.1,23.874
241.2,23.4
241.3,31.012
241.4,29.994
241.5,26.758
241.6,34.93
241.7,23.0
241.8,33.387
241.9,27.901
242.0,28.187
242.1,28.736
242.2,23.182
242.3,27.603
242.4,24.701
242.5,26.549
242.6,25.576
242.7,31.42
242.8,29.437
242.9,28.638
243.0,31.114
243.1,28.563
243.2,30.305
243.3,29.287
243.4,25.6
243.5,24.579
243.6,26.177
243.7,25.258
243.8,28.253
243.9,27.611
244.0,27.139
244.1,32.257
244.2,31.075
244.3,26.504
244.4,28.388
244.5,30.026
244.6,25.476
244.7,35.555
244.8,28.032
244.9,29.352
245.0,32.378
245.1,30.937
245.2,31.204
245.3,31.772
245.4,33.861
245.5,27.342
245.6,32.325
245.7,27.993
245.8,30.893
245.9,29.485
246.0,26.974
246.1,25.963
246.2,29.553
246.3,27.316
246.4,25.918
246.5,25.382
246.6,24.122
246.7,31.415
246.8,28.023
246.9,29.444
247.0,29.591
247.1,27.825
247.2,27.629
247.3,26.146
247.4,22.79
247.5,31.134
247.6,27.766
247.7,28.776
247.8,28.849
247.9,24.394
248.0,31.258
248.1,30.081
248.2,29.561
248.3,29.195
248.4,26.892
248.5,28.737
248.6,23.036
248.7,34.326
248.8,35.01
248.9,30.3
249.0,30.884
249.1,32.341
249.2,28.231
249.3,23.533
249.4,29.765
249.5,26.808
249.6,26.761
249.7,24.116
249.8,30.407
249.9,28.814
250.0,27.015
250.1,32.047
250.2,30.958
250.3,25.502
250.4,26.424
250.5,30.538
250.6,27.403
250.7,29.542
250.8,29.86
250.9,31.288
251.0,29.924
251.1,24.68
251.2,25.588
251.3,28.832
251.4,23.481
251.5,30.537
251.6,24.409
251.7,26.845
251.8,31.434
251.9,23.029
252.0,27.702
252.1,27.716
252.2,28.964
252.3,33.979
252.4,23.535
252.5,26.533
252.6,28.047
252.7,23.972
252.8,28.011
252.9,19.857
253.0,26.537
253.1,34.969
253.2,97.76
253.3,77.559
253.4,54.927
253.5,42.45
253.6,20.567
253.7,29.116
253.8,28.117
253.9,27.935
254.0,28.853
254.1,32.917
254.2,29.964
254.3,23.781
254.4,27.825
254.5,24.891
254.6,27.98
254.7,27.629
254.8,26.812
254.9,23.958
255.0,27.055
255.1,27.556
255.2,30.546
255.3,25.983
255.4,27.856
255.5,29.327
255.6,24.525
255.7,24.709
255.8,30.697
255.9,30.297
256.0,24.089
256.1,32.252
256.2,29.875
256.3,27.271
256.4,22.238
256.5,29.191
256.6,28.453
256.7,24.978
256.8,29.319
256.9,25.999
257.0,26.37
257.1,27.743
257.2,23.078
257.3,31.442
257.4,31.21
257.5,27.462
257.6,26.288
257.7,31.492
257.8,26.938
257.9,28.986
258.0,23.311
258.1,28.779
258.2,29.355
258.3,28.461
258.4,25.672
258.5,31.896
258.6,24.626
258.7,33.35
258.8,28.998
258.9,27.85
259.0,29.08
259.1,27.078
259.2,24.176
259.3,30.926
259.4,29.539
259.5,25.748
259.6,30.718
259.7,25.378
259.8,26.828
259.9,27.955
260.0,29.397
260.1,23.703
260.2,25.848
260.3,28.484
260.4,31.544
260.5,33.753
260.6,29.634
260.7,28.116
260.8,31.387
260.9,26.731
261.0,29.148
261.1,33.377
261.2,25.518
261.3,21.719
261.4,25.833
261.5,27.817
261.6,24.877
261.7,26.643
261.8,30.801
261.9,27.557
262.0,25.655
262.1,30.558
262.2,29.362
262.3,21.535
262.4,27.917
262.5,30.327
262.6,32.894
262.7,35.396
262.8,27.132
262.9,31.046
263.0,29.408
263.1,26.832
263.2,33.672
263.3,26.223
263.4,31.367
263.5,30.005
263.6,28.1
263.7,25.649
263.8,27.003
263.9,25.597
264.0,25.665
264.1,25.066
264.2,26.094
264.3,28.28
264.4,26.042
264.5,32.112
264.6,25.03
264.7,28.01
264.8,28.339
264.9,26.155
265.0,29.17
265.1,24.732
265.2,32.718
265.3,33.281
265.4,22.863
265.5,32.39
265.6,28.04
265.7,30.818
265.8,24.07
265.9,30.927
266.0,30.24
266.1,28.259
266.2,31.482
266.3,37.499
266.4,31.754
266.5,27.684
266.6,26.713
266.7,33.633
266.8,24.962
266.9,23.375
267.0,27.423
267.1,22.343
267.2,33.838
267.3,29.158
267.4,28.684
267.5,31.713
267.6,32.133
267.7,31.464
267.8,29.76
267.9,20.895
268.0,31.076
268.1,28.194
268.2,30.325
268.3,25.859
268.4,32.946
268.5,26.51
268.6,23.341
268.7,27.009
268.8,30.175
268.9,29.801
269.0,28.913
269.1,28.744
269.2,24.093
269.3,29.007
269.4,29.49
269.5,25.005
269.6,28.649
269.7,20.441
269.8,26.264
269.9,28.678
270.0,30.485
270.1,27.857
270.2,29.51
270.3,30.504
270.4,31.819
270.5,30.14
270.6,23.888
270.7,33.522
270.8,29.43
270.9,27.384
271.0,29.158
271.1,28.031
271.2,30.813
271.3,23.505
271.4,27.619
271.5,71.028
271.6,78.406
271.7,36.752
271.8,37.535
271.9,28.547
272.0,26.447
272.1,33.635
272.2,28.424
272.3,29.578
272.4,27.826
272.5,29.293
272.6,25.41
272.7,25.052
272.8,24.848
272.9,25.982
273.0,26.852
273.1,28.242
273.2,27.418
273.3,33.949
273.4,30.551
273.5,26.523
273.6,28.548
273.7,32.668
273.8,24.831
273.9,27.566
274.0,28.772
274.1,26.235
274.2,28.441
274.3,23.019
274.4,25.506
274.5,27.42
274.6,28.45
274.7,27.247
274.8,26.312
274.9,28.425
275.0,29.884
275.1,26.84
275.2,34.111
275.3,32.07
275.4,28.9
275.5,28.066
275.6,30.508
275.7,24.771
275.8,29.993
275.9,30.254
276.0,28.909
276.1,29.302
276.2,29.519
276.3,30.744
276.4,25.57
276.5,24.322
276.6,24.046
276.7,30.516
276.8,19.31
276.9,28.564
277.0,25.227
277.1,24.68
277.2,27.046
277.3,31.024
277.4,26.151
277.5,26.557
277.6,29.219
277.7,27.115
277.8,29.915
277.9,32.131
278.0,24.827
278.1,36.646
278.2,31.335
278.3,22.968
278.4,27.059
278.5,36.104
278.6,27.98
278.7,31.548
278.8,30.582
278.9,27.428
279.0,33.493
279.1,28.883
279.2,27.494
279.3,30.111
279.4,27.952
279.5,31.055
279.6,23.595
279.7,24.49
279.8,32.536
279.9,29.052
280.0,26.457
280.1,23.458
280.2,25.016
280.3,25.853
280.4,21.711
280.5,32.586
280.6,28.821
280.7,31.656
280.8,26.75
280.9,26.213
281.0,27.252
281.1,34.18
281.2,27.533
281.3,25.423
281.4,28.126
281.5,26.697
281.6,28.078
281.7,28.23
281.8,30.096
281.9,27.891
282.0,27.982
282.1,29.75
282.2,27.007
282.3,31.252
282.4,31.485
282.5,33.049
282.6,25.174
282.7,27.718
282.8,28.565
282.9,22.27
283.0,24.533
283.1,28.886
283.2,22.26
283.3,32.887
283.4,22.143
283.5,22.984
283.6,33.106
283.7,26.903
283.8,28.845
283.9,27.481
284.0,29.54
284.1,32.014
284.2,34.111
284.3,29.983
284.4,20.631
284.5,26.901
284.6,26.504
284.7,32.525
284.8,27.1
284.9,32.757
285.0,25.719
285.1,28.67
285.2,31.944
285.3,29.161
285.4,30.291
285.5,27.41
285.6,26.55
285.7,27.03
285.8,20.751
285.9,30.837
286.0,27.053
286.1,35.769
286.2,27.721
286.3,31.99
286.4,28.823
286.5,34.908
286.6,97.685
286.7,47.635
286.8,52.451
286.9,33.651
287.0,36.502
287.1,28.972
287.2,27.147
287.3,26.908
287.4,23.858
287.5,30.47
287.6,25.867
287.7,27.783
287.8,30.263
287.9,30.104
288.0,28.955
288.1,28.118
288.2,28.095
288.3,24.326
288.4,31.201
288.5,34.117
288.6,26.797
288.7,25.076
288.8,28.127
288.9,26.67
289.0,27.604
289.1,22.056
289.2,28.77
289.3,25.334
289.4,24.284
289.5,28.612
289.6,29.002
289.7,29.42
289.8,25.933
289.9,24.91
290.0,34.707
290.1,29.636
290.2,28.823
290.3,24.548
290.4,31.433
290.5,21.866
290.6,26.132
290.7,31.358
290.8,30.224
290.9,25.397
291.0,25.744
291.1,35.033
291.2,29.387
291.3,31.207
291.4,33.423
291.5,28.764
291.6,29.157
291.7,28.537
291.8,29.872
291.9,26.436
292.0,23.461
292.1,27.704
292.2,25.663
292.3,27.565
292.4,30.166
292.5,31.719
292.6,29.199
292.7,28.927
292.8,26.536
292.9,25.967
293.0,30.431
293.1,26.779
293.2,32.247
293.3,26.382
293.4,26.821
293.5,29.812
293.6,28.296
293.7,27.678
293.8,29.198
293.9,29.431
294.0,25.858
294.1,25.22
294.2,30.088
294.3,27.305
294.4,26.888
294.5,26.155
294.6,27.475
294.7,30.167
294.8,26.102
294.9,25.79
295.0,28.784
295.1,25.903
295.2,28.468
295.3,27.875
295.4,29.063
295.5,28.063
295.6,23.549
295.7,30.364
295.8,29.412
295.9,20.297
296.0,25.947
296.1,24.779
296.2,25.964
296.3,30.993
296.4,23.336
296.5,24.76
296.6,29.818
296.7,30.282
296.8,25.473
296.9,30.511
297.0,25.69
297.1,33.696
297.2,31.083
297.3,27.212
297.4,24.546
297.5,32.367
297.6,24.847
297.7,26.164
297.8,24.25
297.9,31.673
298.0,31.462
298.1,32.03
298.2,35.656
298.3,33.371
298.4,27.051
298.5,30.209
298.6,30.243
298.7,31.199
298.8,27.764
298.9,32.214
299.0,27.928
299.1,29.168
299.2,25.999
299.3,33.631
299.4,24.466
299.5,30.714
299.6,29.215
299.7,25.87
299.8,29.602
299.9,27.456
300.0,31.276
300.1,31.692
300.2,24.236
300.3,25.389
300.4,25.452
300.5,25.284
300.6,29.502
300.7,30.384
300.8,31.205
300.9,28.374
301.0,20.901
301.1,31.437
301.2,26.247
301.3,191.17
301.4,81.636
301.5,52.733
301.6,43.002
301.7,30.342
301.8,28.562
301.9,30.542
302.0,31.229
302.1,27.708
302.2,27.209
302.3,30.07
302.4,26.278
302.5,28.387
302.6,32.95
302.7,33.622
302.8,24.948
302.9,33.488
303.0,28.701
303.1,27.204
303.2,30.3
303.3,23.376
303.4,28.244
303.5,32.932
303.6,31.5
303.7,33.39
303.8,34.066
303.9,22.746
304.0,29.962
304.1,27.621
304.2,31.092
304.3,26.819
304.4,26.466
304.5,29.343
304.6,33.428
304.7,27.712
304.8,22.944
304.9,31.737
305.0,23.877
305.1,26.243
305.2,27.831
305.3,26.664
305.4,31.307
305.5,31.855
305.6,32.409
305.7,28.528
305.8,27.5
305.9,29.997
306.0,33.312
306.1,29.181
306.2,26.058
306.3,21.54
306.4,29.813
306.5,27.325
306.6,25.696
306.7,29.586
306.8,24.814
306.9,26.983
307.0,26.84
307.1,30.843
307.2,28.553
307.3,26.442
307.4,26.955
307.5,30.739
307.6,25.1
307.7,26.948
307.8,29.452
307.9,31.931
308.0,24.93
308.1,27.079
308.2,25.721
308.3,26.646
308.4,29.17
308.5,21.021
308.6,24.594
308.7,30.7
308.8,24.613
308.9,26.958
309.0,25.866
309.1,27.491
309.2,28.325
309.3,28.97
309.4,22.968
309.5,34.596
309.6,28.369
309.7,25.555
309.8,24.749
309.9,30.285
310.0,28.122
310.1,28.869
310.2,25.59
310.3,32.212
310.4,27.115
310.5,25.412
310.6,29.343
310.7,26.671
310.8,29.86
310.9,23.587
311.0,28.937
311.1,29.359
311.2,25.305
311.3,30.874
311.4,30.153
311.5,24.978
311.6,23.078
311.7,24.952
311.8,31.078
311.9,26.044
312.0,26.401
312.1,28.848
312.2,28.685
312.3,32.28
312.4,27.686
312.5,29.505
312.6,26.216
312.7,26.467
312.8,21.854
312.9,27.484
313.0,29.63
313.1,28.625
313.2,21.597
313.3,29.844
313.4,22.922
313.5,24.433
313.6,25.407
313.7,25.979
313.8,23.651
313.9,22.19
314.0,19.405
314.1,27.815
314.2,31.119
314.3,27.386
314.4,28.52
314.5,26.982
314.6,24.226
314.7,29.781
314.8,32.491
314.9,28.641
315.0,31.655
315.1,29.421
315.2,21.625
315.3,26.317
315.4,24.852
315.5,31.244
315.6,23.253
315.7,29.354
315.8,26.672
315.9,29.284
316.0,28.903
316.1,27.704
316.2,33.445
316.3,28.155
316.4,26.099
316.5,26.84
316.6,25.547
316.7,30.38
316.8,29.496
316.9,27.907
317.0,25.432
317.1,28.638
317.2,25.385
317.3,27.834
317.4,30.498
317.5,30.009
317.6,25.278
317.7,163.198
317.8,40.941
317.9,53.079
318.0,25.737
318.1,26.141
318.2,29.709
318.3,33.551
318.4,29.962
318.5,29.304
318.6,29.524
318.7,24.722
318.8,30.103
318.9,30.763
319.0,26.163
319.1,26.073
319.2,32.35
319.3,28.627
319.4,24.588
319.5,26.728
319.6,26.627
319.7,27.806
319.8,27.782
319.9,27.252
320.0,33.022
320.1,30.497
320.2,32.449
320.3,22.916
320.4,28.333
320.5,31.524
320.6,30.176
320.7,25.962
320.8,25.732
320.9,30.88
321.0,27.362
321.1,29.945
321.2,28.47
321.3,27.647
321.4,28.361
321.5,25.511
321.6,33.104
321.7,29.645
321.8,32.198
321.9,26.412
322.0,26.378
322.1,27.042
322.2,25.415
322.3,30.034
322.4,30.138
322.5,26.461
322.6,27.041
322.7,29.13
322.8,25.742
322.9,26.772
323.0,32.681
323.1,25.76
323.2,26.45
323.3,35.514
323.4,21.621
323.5,24.447
323.6,33.392
323.7,26.771
323.8,29.499
323.9,34.359
324.0,25.849
324.1,26.225
324.2,29.232
324.3,27.773
324.4,26.425
324.5,27.6
324.6,24.016
324.7,29.397
324.8,30.503
324.9,27.516
325.0,27.329
325.1,29.646
325.2,26.385
325.3,27.076
325.4,27.795
325.5,32.416
325.6,27.852
325.7,27.659
325.8,27.508
325.9,26.849
326.0,25.105
326.1,25.243
326.2,30.581
326.3,26.293
326.4,28.277
326.5,26.571
326.6,24.016
326.7,26.606
326.8,32.191
326.9,26.756
327.0,25.971
327.1,26.716
327.2,26.996
327.3,28.686
327.4,26.765
327.5,27.707
327.6,26.527
327.7,29.073
327.8,28.934
327.9,28.635
328.0,29.899
328.1,27.702
328.2,31.639
328.3,29.399
328.4,32.464
328.5,27.761
328.6,28.816
328.7,25.953
328.8,28.047
328.9,30.454
329.0,79.788
329.1,115.178
329.2,54.8
329.3,40.281
329.4,29.05
329.5,27.771
329.6,26.633
329.7,27.919
329.8,30.174
329.9,30.507
330.0,27.821
330.1,26.659
330.2,28.306
330.3,28.388
330.4,28.758
330.5,26.64
330.6,33.221
330.7,26.114
330.8,32.537
330.9,32.181
331.0,30.841
331.1,33.622
331.2,29.668
331.3,27.05
331.4,26.431
331.5,25.987
331.6,30.512
331.7,23.558
331.8,23.733
331.9,32.597
332.0,31.039
332.1,29.243
332.2,30.77
332.3,30.323
332.4,27.439
332.5,23.594
332.6,31.849
332.7,29.339
332.8,23.871
332.9,28.427
333.0,26.594
333.1,27.654
333.2,27.016
333.3,29.654
333.4,27.375
333.5,24.535
333.6,30.019
333.7,29.457
333.8,23.723
333.9,29.227
334.0,30.663
334.1,27.543
334.2,28.563
334.3,25.707
334.4,22.75
334.5,29.565
334.6,27.736
334.7,29.289
334.8,27.296
334.9,27.219
335.0,28.487
335.1,27.81
335.2,30.599
335.3,26.728
335.4,23.667
335.5,28.432
335.6,24.09
335.7,20.398
335.8,24.71
335.9,26.684
336.0,25.612
336.1,23.39
336.2,27.326
336.3,31.649
336.4,30.488
336.5,28.025
336.6,30.763
336.7,26.679
336.8,25.354
336.9,30.035
337.0,24.749
337.1,29.002
337.2,27.923
337.3,26.912
337.4,26.626
337.5,31.412
337.6,23.232
337.7,28.807
337.8,27.134
337.9,25.776
338.0,28.117
338.1,28.947
338.2,27.82
338.3,28.735
338.4,32.245
338.5,26.197
338.6,29.254
338.7,22.784
338.8,29.371
338.9,22.399
339.0,29.894
339.1,26.574
339.2,28.492
339.3,23.634
339.4,28.072
339.5,30.472
339.6,29.86
339.7,27.948
339.8,27.981
339.9,31.436
340.0,30.208
340.1,26.126
340.2,26.261
340.3,25.96
340.4,27.893
340.5,24.518
340.6,21.525
340.7,27.345
340.8,28.759
340.9,28.559
341.0,31.255
341.1,24.122
341.2,26.461
341.3,23.673
341.4,28.737
341.5,27.686
341.6,26.558
341.7,28.124
341.8,25.879
341.9,24.934
342.0,32.742
342.1,30.431
342.2,27.448
342.3,23.376
342.4,27.357
342.5,29.723
342.6,28.51
342.7,31.027
342.8,31.681
342.9,27.746
343.0,26.596
343.1,26.517
343.2,26.76
343.3,100.87
343.4,69.733
343.5,39.601
343.6,26.598
343.7,33.122
343.8,25.456
343.9,23.623
344.0,25.268
344.1,23.814
344.2,29.346
344.3,29.553
344.4,27.561
344.5,24.312
344.6,28.027
344.7,34.696
344.8,30.109
344.9,29.825
345.0,25.077
345.1,21.247
345.2,27.646
345.3,29.742
345.4,31.538
345.5,27.808
345.6,26.439
345.7,24.911
345.8,30.641
345.9,30.631
346.0,25.612
346.1,21.737
346.2,33.545
346.3,32.392
346.4,25.436
346.5,26.859
346.6,35.638
346.7,31.238
346.8,27.393
346.9,30.071
347.0,30.301
347.1,26.46
347.2,23.26
347.3,26.589
347.4,32.446
347.5,31.033
347.6,24.367
347.7,31.902
347.8,26.327
347.9,29.275
348.0,31.999
348.1,27.304
348.2,30.672
348.3,24.033
348.4,20.522
348.5,23.558
348.6,21.879
348.7,23.383
348.8,27.887
348.9,27.347
349.0,29.335
349.1,25.943
349.2,30.748
349.3,23.981
349.4,26.089
349.5,23.675
349.6,30.468
349.7,29.337
349.8,25.933
349.9,31.13
350.0,23.535
350.1,27.328
350.2,27.903
350.3,30.732
350.4,31.537
350.5,29.547
350.6,32.751
350.7,29.309
350.8,30.09
350.9,27.98
351.0,33.737
351.1,27.085
351.2,25.664
351.3,28.017
351.4,27.231
351.5,28.546
351.6,26.716
351.7,31.324
351.8,24.372
351.9,31.264
352.0,24.29
352.1,25.952
352.2,27.17
352.3,29.149
352.4,22.752
352.5,26.961
352.6,32.31
352.7,30.659
352.8,26.676
352.9,35.884
353.0,25.801
353.1,26.541
353.2,31.512
353.3,30.275
353.4,28.186
353.5,24.202
353.6,24.408
353.7,31.869
353.8,23.886
353.9,31.979
354.0,25.527
354.1,24.982
354.2,23.973
354.3,24.094
354.4,26.822
354.5,29.267
354.6,20.359
354.7,27.486
354.8,29.803
354.9,27.207
355.0,26.24
355.1,29.66
355.2,31.198
355.3,25.725
355.4,30.213
355.5,26.515
355.6,27.449
355.7,26.011
355.8,26.841
355.9,25.712
356.0,32.127
356.1,28.976
356.2,29.432
356.3,27.573
356.4,28.87
356.5,31.78
356.6,26.29
356.7,26.168
356.8,25.036
356.9,25.465
357.0,26.754
357.1,28.557
357.2,25.436
357.3,28.359
357.4,29.878
357.5,31.237
357.6,29.478
357.7,24.784
357.8,29.876
357.9,29.777
358.0,29.158
358.1,28.615
358.2,30.623
358.3,26.649
358.4,29.616
358.5,28.062
358.6,24.311
358.7,33.588
358.8,27.882
358.9,28.396
359.0,27.953
359.1,26.411
359.2,25.155
359.3,31.415
359.4,25.663
359.5,137.181
359.6,53.014
359.7,48.478
359.8,24.359
359.9,25.632
360.0,27.388
360.1,32.732
360.2,25.052
360.3,24.178
360.4,31.824
360.5,27.154
360.6,28.301
360.7,29.575
360.8,26.83
360.9,20.728
361.0,27.363
361.1,31.723
361.2,34.517
361.3,27.646
361.4,27.914
361.5,32.096
361.6,29.787
361.7,28.886
361.8,22.063
361.9,26.751
362.0,28.644
362.1,23.458
362.2,26.902
362.3,33.126
362.4,27.229
362.5,23.697
362.6,22.339
362.7,27.966
362.8,26.267
362.9,25.394
363.0,28.683
363.1,28.854
363.2,28.524
363.3,29.051
363.4,24.313
363.5,26.078
363.6,27.022
363.7,27.839
363.8,30.969
363.9,25.815
364.0,25.667
364.1,32.462
364.2,28.475
364.3,23.806
364.4,27.067
364.5,24.291
364.6,24.589
364.7,23.997
364.8,25.612
364.9,34.179
365.0,31.031
365.1,32.145
365.2,31.263
365.3,27.595
365.4,29.21
365.5,28.308
365.6,24.796
365.7,24.513
365.8,30.701
365.9,24.345
366.0,28.603
366.1,29.956
366.2,30.258
366.3,29.108
366.4,24.398
366.5,29.621
366.6,27.585
366.7,25.067
366.8,22.034
366.9,29.354
367.0,23.343
367.1,22.878
367.2,33.244
367.3,24.396
367.4,26.74
367.5,28.215
367.6,28.211
367.7,24.942
367.8,25.875
367.9,30.417
368.0,27.164
368.1,27.931
368.2,21.512
368.3,26.279
368.4,30.572
368.5,25.812
368.6,25.145
368.7,29.125
368.8,29.796
368.9,29.001
369.0,26.301
369.1,30.249
369.2,32.887
369.3,31.51
369.4,23.31
369.5,36.788
369.6,24.023
369.7,24.322
369.8,28.913
369.9,27.717
370.0,29.084
370.1,31.935
370.2,30.792
370.3,25.32
370.4,28.216
370.5,31.034
370.6,31.159
370.7,31.373
370.8,30.452
370.9,30.124
371.0,26.459
371.1,24.045
371.2,29.267
371.3,26.638
371.4,31.734
371.5,25.382
371.6,26.856
371.7,26.716
371.8,30.901
371.9,30.254
372.0,28.068
372.1,28.876
372.2,32.844
372.3,22.712
372.4,30.244
372.5,31.24
372.6,31.643
372.7,30.408
372.8,25.678
372.9,26.383
373.0,29.987
373.1,26.232
373.2,27.405
373.3,23.484
373.4,24.423
373.5,29.04
373.6,26.722
373.7,25.724
373.8,27.437
373.9,28.904
374.0,27.216
374.1,28.518
374.2,28.265
374.3,27.245
374.4,27.966
374.5,25.338
374.6,26.495
374.7,22.489
374.8,24.501
374.9,24.439
375.0,26.803
375.1,31.391
375.2,27.973
375.3,28.451
375.4,25.173
375.5,28.861
375.6,33.087
375.7,27.738
375.8,25.526
375.9,24.502
376.0,28.789
376.1,25.176
376.2,30.14
376.3,24.963
376.4,23.032
376.5,29.44
376.6,24.119
376.7,104.744
376.8,51.097
376.9,55.458
377.0,26.606
377.1,27.695
377.2,24.565
377.3,26.668
377.4,29.635
377.5,26.922
377.6,28.084
377.7,27.395
377.8,28.649
377.9,29.757
378.0,34.309
378.1,25.826
378.2,30.586
378.3,27.112
378.4,28.26
378.5,30.635
378.6,27.677
378.7,26.956
378.8,24.511
378.9,30.732
379.0,23.004
379.1,27.686
379.2,31.748
379.3,30.011
379.4,31.878
379.5,25.106
379.6,31.27
379.7,29.851
379.8,24.892
379.9,23.336
380.0,32.587
380.1,25.216
380.2,27.713
380.3,30.336
380.4,25.44
380.5,23.941
380.6,28.458
380.7,26.359
380.8,27.981
380.9,28.608
381.0,29.037
381.1,26.717
381.2,26.378
381.3,29.099
381.4,30.625
381.5,27.693
381.6,26.526
381.7,28.675
381.8,33.436
381.9,27.361
382.0,24.621
382.1,25.955
382.2,28.274
382.3,31.006
382.4,32.819
382.5,28.882
382.6,28.125
382.7,26.408
382.8,27.208
382.9,27.418
383.0,27.383
383.1,27.085
383.2,27.554
383.3,27.902
383.4,29.888
383.5,31.919
383.6,26.947
383.7,27.464
383.8,27.774
383.9,27.16
384.0,23.663
384.1,27.735
384.2,29.242
384.3,19.055
384.4,30.956
384.5,29.233
384.6,26.641
384.7,29.967
384.8,24.442
384.9,29.538
385.0,22.657
385.1,29.828
385.2,32.007
385.3,27.561
385.4,32.795
385.5,26.187
385.6,30.754
385.7,26.174
385.8,26.831
385.9,26.918
386.0,28.948
386.1,29.753
386.2,33.68
386.3,24.871
386.4,27.914
386.5,28.797
386.6,29.09
386.7,23.904
386.8,28.626
386.9,33.094
387.0,29.275
387.1,26.5
387.2,27.969
387.3,26.424
387.4,28.177
387.5,23.523
387.6,24.595
387.7,32.133
387.8,24.876
387.9,25.843
388.0,25.061
388.1,27.386
388.2,28.65
388.3,25.872
388.4,27.597
388.5,29.709
388.6,22.987
388.7,25.062
388.8,30.716
388.9,27.725
389.0,22.928
389.1,27.553
389.2,26.715
389.3,30.277
389.4,30.547
389.5,28.651
389.6,33.903
389.7,26.726
389.8,34.005
389.9,26.369
390.0,29.054
390.1,26.656
390.2,22.878
390.3,26.675
390.4,27.293
390.5,32.37
390.6,28.198
390.7,27.004
390.8,25.583
390.9,26.872
391.0,29.325
391.1,142.619
391.2,56.512
391.3,44.053
391.4,29.8
391.5,28.097
391.6,24.904
391.7,28.726
391.8,24.634
391.9,25.383
392.0,30.779
392.1,27.939
392.2,30.567
392.3,25.379
392.4,31.89
392.5,27.474
392.6,22.128
392.7,25.313
392.8,23.808
392.9,23.609
393.0,29.531
393.1,29.097
393.2,29.772
393.3,25.788
393.4,29.595
393.5,23.596
393.6,26.551
393.7,27.524
393.8,26.289
393.9,28.301
394.0,27.932
394.1,29.413
394.2,28.911
394.3,30.866
394.4,26.559
394.5,29.955
394.6,28.832
394.7,28.729
394.8,28.401
394.9,21.531
395.0,33.752
395.1,25.254
395.2,25.611
395.3,27.033
395.4,24.07
395.5,33.238
395.6,26.141
395.7,25.949
395.8,25.511
395.9,29.311
396.0,32.188
396.1,28.818
396.2,25.677
396.3,31.968
396.4,28.851
396.5,25.833
396.6,27.784
396.7,28.394
396.8,28.711
396.9,28.005
397.0,28.072
397.1,33.588
397.2,36.501
397.3,28.519
397.4,25.248
397.5,24.849
397.6,30.439
397.7,23.128
397.8,27.455
397.9,29.185
398.0,28.545
398.1,26.786
398.2,33.513
398.3,30.389
398.4,26.587
398.5,30.35
398.6,27.448
398.7,26.451
398.8,26.777
398.9,31.548
399.0,26.323
399.1,27.786
399.2,31.06
399.3,28.912
399.4,28.721
399.5,26.004
399.6,34.993
399.7,30.455
399.8,20.894
399.9,31.913
400.0,24.142
400.1,23.884
400.2,25.906
400.3,31.774
400.4,27.183
400.5,28.632
400.6,22.99
400.7,31.226
400.8,27.198
400.9,24.132
401.0,28.974
401.1,29.47
401.2,28.255
401.3,31.874
401.4,29.751
401.5,32.507
401.6,27.836
401.7,28.329
401.8,30.593
401.9,31.476
402.0,27.001
402.1,33.658
402.2,28.346
402.3,28.015
402.4,29.326
402.5,25.433
402.6,23.062
402.7,34.167
402.8,31.193
402.9,25.228
403.0,28.411
403.1,29.871
403.2,26.536
403.3,32.299
403.4,26.516
403.5,30.977
403.6,26.109
403.7,29.522
403.8,32.65
403.9,29.423
404.0,26.536
404.1,28.665
404.2,30.175
404.3,26.716
404.4,26.815
404.5,33.286
404.6,32.191
404.7,26.01
404.8,24.045
404.9,24.15
405.0,24.656
405.1,27.148
405.2,27.773
405.3,23.849
405.4,28.464
405.5,19.29
405.6,28.419
405.7,32.823
405.8,24.355
405.9,19.361
406.0,28.5
406.1,30.102
406.2,26.775
406.3,28.686
406.4,31.873
406.5,33.068
406.6,29.794
406.7,24.292
406.8,28.508
406.9,24.999
407.0,168.69
407.1,92.206
407.2,54.683
407.3,33.25
407.4,27.571
407.5,25.675
407.6,26.703
407.7,26.234
407.8,26.486
407.9,25.895
408.0,27.337
408.1,23.933
408.2,28.74
408.3,25.653
408.4,30.631
408.5,29.144
408.6,32.517
408.7,23.907
408.8,32.234
408.9,27.65
409.0,29.857
409.1,30.669
409.2,30.884
409.3,28.185
409.4,29.364
409.5,27.725
409.6,30.183
409.7,25.325
409.8,29.214
409.9,32.618
410.0,34.019
410.1,31.204
410.2,32.384
410.3,29.571
410.4,31.161
410.5,33.835
410.6,27.837
410.7,23.237
410.8,27.489
410.9,28.558
411.0,25.528
411.1,24.406
411.2,26.521
411.3,24.31
411.4,30.738
411.5,33.114
411.6,30.026
411.7,23.816
411.8,28.621
411.9,25.425
412.0,28.839
412.1,25.531
412.2,30.949
412.3,30.107
412.4,27.038
412.5,29.513
412.6,28.19
412.7,33.182
412.8,22.295
412.9,29.239
413.0,31.729
413.1,26.9
413.2,26.503
413.3,28.532
413.4,25.241
413.5,26.39
413.6,24.927
413.7,27.467
413.8,21.724
413.9,26.192
414.0,29.675
414.1,26.864
414.2,26.764
414.3,30.697
414.4,32.733
414.5,25.788
414.6,31.615
414.7,22.749
414.8,25.463
414.9,29.607
415.0,28.773
415.1,28.357
415.2,30.595
415.3,27.392
415.4,30.288
415.5,26.533
415.6,26.118
415.7,22.375
415.8,30.029
415.9,25.397
416.0,31.023
416.1,31.029
416.2,27.333
416.3,28.262
416.4,28.593
416.5,27.385
416.6,23.624
416.7,32.337
416.8,26.297
416.9,29.588
417.0,28.874
417.1,28.869
417.2,28.657
417.3,30.736
417.4,25.388
417.5,30.976
417.6,28.498
417.7,28.118
417.8,26.755
417.9,27.864
418.0,29.737
418.1,24.484
418.2,22.838
418.3,27.176
418.4,30.106
418.5,27.103
418.6,32.114
418.7,31.888
418.8,32.208
418.9,32.357
419.0,28.791
419.1,29.701
419.2,25.954
419.3,19.943
419.4,29.216
419.5,25.685
419.6,27.396
419.7,20.544
419.8,30.693
419.9,27.395
420.0,26.228
420.1,24.535
420.2,25.562
420.3,25.459
420.4,25.087
420.5,23.761
420.6,27.371
420.7,26.986
420.8,30.578
420.9,22.745
421.0,26.663
421.1,25.326
421.2,29.023
421.3,27.843
421.4,30.547
421.5,33.515
421.6,28.003
421.7,29.59
421.8,25.751
421.9,27.62
422.0,28.075
422.1,34.417
422.2,24.581
422.3,27.598
422.4,28.058
422.5,25.737
422.6,117.239
422.7,81.726
422.8,54.391
422.9,40.091
423.0,29.1
423.1,25.749
423.2,29.869
423.3,27.744
423.4,31.132
423.5,28.334
423.6,33.091
423.7,32.598
423.8,25.08
423.9,27.02
424.0,25.748
424.1,27.758
424.2,22.548
424.3,22.979
424.4,31.059
424.5,29.022
424.6,30.26
424.7,25.286
424.8,24.847
424.9,27.419
425.0,32.149
425.1,28.226
425.2,28.549
425.3,31.533
425.4,29.139
425.5,28.546
425.6,29.282
425.7,27.428
425.8,32.72
425.9,27.687
426.0,25.838
426.1,30.045
426.2,30.84
426.3,26.585
426.4,30.172
426.5,31.23
426.6,17.945
426.7,22.826
426.8,29.202
426.9,25.208
427.0,33.059
427.1,28.972
427.2,27.695
427.3,28.185
427.4,26.86
427.5,26.074
427.6,28.365
427.7,31.009
427.8,23.359
427.9,28.722
428.0,26.651
428.1,28.258
428.2,25.745
428.3,28.432
428.4,24.783
428.5,27.939
428.6,27.219
428.7,23.004
428.8,29.255
428.9,19.564
429.0,26.873
429.1,23.528
429.2,28.771
429.3,26.992
429.4,30.451
429.5,27.394
429.6,27.361
429.7,31.362
429.8,26.606
429.9,27.911
430.0,32.279
430.1,29.986
430.2,33.949
430.3,29.377
430.4,26.411
430.5,31.222
430.6,30.767
430.7,27.181
430.8,29.62
430.9,27.753
431.0,29.494
431.1,28.098
431.2,27.61
431.3,33.066
431.4,29.369
431.5,24.008
431.6,28.625
431.7,27.103
431.8,28.939
431.9,28.72
432.0,29.099
432.1,22.905
432.2,23.296
432.3,32.202
432.4,27.92
432.5,32.014
432.6,29.583
432.7,26.401
432.8,22.934
432.9,29.536
433.0,29.552
433.1,33.254
433.2,27.392
433.3,28.228
433.4,22.576
433.5,26.179
433.6,28.738
433.7,26.948
433.8,25.378
433.9,32.253
434.0,32.808
434.1,24.796
434.2,28.297
434.3,26.715
434.4,32.454
434.5,28.712
434.6,29.792
434.7,25.195
434.8,31.982
434.9,27.103
435.0,33.589
435.1,31.277
435.2,26.047
435.3,29.581
435.4,28.73
435.5,27.336
435.6,30.25
435.7,27.924
435.8,28.084
435.9,26.105
436.0,25.767
436.1,28.23
436.2,28.536
436.3,31.228
436.4,23.936
436.5,28.337
436.6,32.782
436.7,25.966
436.8,24.87
436.9,25.22
437.0,30.374
437.1,24.202
437.2,28.058
437.3,25.992
437.4,26.274
437.5,27.081
437.6,26.876
437.7,26.897
437.8,27.838
437.9,28.807
438.0,26.639
438.1,29.412
438.2,26.561
438.3,26.638
438.4,28.126
438.5,22.851
438.6,25.537
438.7,25.996
438.8,24.932
438.9,27.305
439.0,25.8
439.1,25.266
439.2,31.048
439.3,34.247
439.4,30.982
439.5,28.894
439.6,170.66
439.7,49.679
439.8,48.522
439.9,30.88
440.0,26.823
440.1,24.796
440.2,31.452
440.3,29.053
440.4,25.89
440.5,29.109
440.6,28.29
440.7,25.602
440.8,34.807
440.9,29.315
441.0,27.668
441.1,27.426
441.2,24.35
441.3,29.361
441.4,31.405
441.5,28.033
441.6,32.204
441.7,30.156
441.8,32.5
441.9,26.78
442.0,28.72
442.1,26.181
442.2,25.84
442.3,23.71
442.4,29.138
442.5,29.343
442.6,26.783
442.7,29.288
442.8,30.754
442.9,27.08
443.0,29.501
443.1,31.245
443.2,27.968
443.3,26.435
443.4,30.089
443.5,30.654
443.6,27.857
443.7,24.469
443.8,31.679
443.9,23.625
444.0,30.039
444.1,25.001
444.2,25.569
444.3,29.148
444.4,32.98
444.5,30.054
444.6,26.972
444.7,31.174
444.8,27.22
444.9,24.145
445.0,30.91
445.1,32.015
445.2,27.568
445.3,18.55
445.4,26.95
445.5,27.189
445.6,30.402
445.7,29.037
445.8,33.811
445.9,33.522
446.0,28.758
446.1,27.109
446.2,25.76
446.3,24.391
446.4,26.735
446.5,29.554
446.6,27.219
446.7,30.734
446.8,28.661
446.9,29.851
447.0,30.193
447.1,26.1
447.2,26.921
447.3,28.493
447.4,26.778
447.5,22.578
447.6,31.95
447.7,27.525
447.8,23.213
447.9,28.492
448.0,26.218
448.1,30.101
448.2,23.921
448.3,22.189
448.4,24.982
448.5,25.905
448.6,26.572
448.7,27.527
448.8,24.097
448.9,28.897
449.0,28.482
449.1,28.363
449.2,25.25
449.3,29.275
449.4,25.159
449.5,32.086
449.6,23.528
449.7,28.636
449.8,32.317
449.9,27.636
450.0,27.727
450.1,28.505
450.2,25.098
450.3,27.706
450.4,28.819
450.5,26.346
450.6,27.576
450.7,25.881
450.8,27.968
450.9,32.622
451.0,29.519
451.1,25.452
451.2,30.031
451.3,25.06
451.4,25.999
451.5,28.433
451.6,30.444
451.7,26.742
451.8,78.207
451.9,66.646
452.0,36.514
452.1,22.828
452.2,27.941
452.3,29.103
452.4,29.18
452.5,24.768
452.6,26.737
452.7,26.858
452.8,26.38
452.9,24.349
453.0,24.741
453.1,28.027
453.2,29.156
453.3,28.444
453.4,25.386
453.5,29.155
453.6,27.404
453.7,26.513
453.8,25.224
453.9,26.472
454.0,30.151
454.1,27.448
454.2,27.631
454.3,24.997
454.4,36.371
454.5,21.205
454.6,21.916
454.7,26.425
454.8,28.598
454.9,33.321
455.0,29.541
455.1,28.902
455.2,30.759
455.3,28.285
455.4,22.135
455.5,28.765
455.6,28.652
455.7,34.509
455.8,25.837
455.9,31.772
456.0,23.919
456.1,32.598
456.2,28.398
456.3,30.511
456.4,30.111
456.5,30.033
456.6,28.293
456.7,26.032
456.8,27.521
456.9,25.704
457.0,27.662
457.1,23.173
457.2,28.517
457.3,30.932
457.4,31.606
457.5,31.941
457.6,28.457
457.7,27.538
457.8,27.234
457.9,29.177
458.0,30.151
458.1,29.014
458.2,23.964
458.3,32.134
458.4,29.432
458.5,30.972
458.6,28.156
458.7,27.217
458.8,33.813
458.9,24.791
459.0,22.936
459.1,33.987
459.2,28.721
459.3,26.715
459.4,26.245
459.5,21.982
459.6,33.602
459.7,30.117
459.8,29.53
459.9,30.474
460.0,25.256
460.1,29.375
460.2,31.257
460.3,21.385
460.4,29.788
460.5,30.241
460.6,28.304
460.7,25.343
460.8,27.503
460.9,26.625
461.0,29.089
461.1,26.404
461.2,30.293
461.3,26.445
461.4,26.44
461.5,31.506
461.6,27.518
461.7,29.595
461.8,24.108
461.9,32.563
462.0,23.643
462.1,28.291
462.2,27.326
462.3,25.711
462.4,27.177
462.5,31.705
462.6,33.217
462.7,27.29
462.8,26.928
462.9,22.366
463.0,33.145
463.1,24.802
463.2,25.27
463.3,28.314
463.4,30.202
463.5,32.57
463.6,34.524
463.7,30.262
463.8,26.56
463.9,26.03
464.0,27.464
464.1,30.413
464.2,30.865
464.3,29.851
464.4,22.317
464.5,26.302
464.6,32.37
464.7,26.401
464.8,27.759
464.9,36.18
465.0,27.778
465.1,32.27
465.2,33.516
465.3,30.275
465.4,26.695
465.5,21.16
465.6,25.423
465.7,29.93
465.8,29.776
465.9,31.517
466.0,24.682
466.1,28.598
466.2,21.85
466.3,25.352
466.4,29.588
466.5,21.453
466.6,30.45
466.7,33.492
466.8,23.692
466.9,27.223
467.0,33.155
467.1,29.502
467.2,29.192
467.3,28.323
467.4,23.885
467.5,27.589
467.6,31.86
467.7,28.261
467.8,30.165
467.9,26.915
468.0,25.386
468.1,26.706
468.2,152.989
468.3,69.63
468.4,58.6
468.5,32.259
468.6,28.088
468.7,32.998
468.8,29.026
468.9,30.369
469.0,28.224
469.1,23.778
469.2,30.567
469.3,33.038
469.4,27.627
469.5,34.281
469.6,30.772
469.7,34.003
469.8,27.456
469.9,25.346
470.0,28.168
470.1,25.821
470.2,28.595
470.3,27.275
470.4,28.494
470.5,27.73
470.6,25.077
470.7,26.412
470.8,31.807
470.9,27.809
471.0,23.978
471.1,21.95
471.2,27.033
471.3,28.836
471.4,24.459
471.5,22.638
471.6,29.682
471.7,37.582
471.8,30.616
471.9,25.01
472.0,27.647
472.1,27.643
472.2,24.185
472.3,23.788
472.4,27.572
472.5,30.37
472.6,28.759
472.7,25.95
472.8,29.528
472.9,29.564
473.0,25.052
473.1,24.347
473.2,29.936
473.3,31.409
473.4,29.216
473.5,31.538
473.6,32.401
473.7,23.415
473.8,29.436
473.9,31.948
474.0,31.401
474.1,32.282
474.2,26.237
474.3,30.045
474.4,30.329
474.5,26.205
474.6,28.572
474.7,24.005
474.8,25.453
474.9,28.983
475.0,31.154
475.1,27.998
475.2,32.602
475.3,32.468
475.4,25.052
475.5,27.696
475.6,26.49
475.7,30.47
475.8,30.154
475.9,25.619
476.0,30.772
476.1,24.038
476.2,31.534
476.3,20.682
476.4,27.463
476.5,25.876
476.6,30.028
476.7,28.758
476.8,21.425
476.9,23.964
477.0,26.239
477.1,31.551
477.2,32.894
477.3,30.046
477.4,32.269
477.5,25.741
477.6,29.25
477.7,28.381
477.8,24.761
477.9,26.949
478.0,26.929
478.1,29.368
478.2,29.486
478.3,26.355
478.4,26.404
478.5,22.298
478.6,29.516
478.7,27.69
478.8,27.913
478.9,29.637
479.0,26.514
479.1,25.109
479.2,26.194
479.3,26.969
479.4,190.948
479.5,98.551
479.6,59.578
479.7,34.415
479.8,27.154
479.9,27.531
480.0,27.326
480.1,30.701
480.2,24.465
480.3,29.327
480.4,25.851
480.5,28.835
480.6,27.544
480.7,26.37
480.8,28.937
480.9,26.061
481.0,24.361
481.1,26.551
481.2,24.236
481.3,28.436
481.4,26.176
481.5,24.208
481.6,29.093
481.7,29.205
481.8,27.446
481.9,27.123
482.0,30.74
482.1,27.186
482.2,28.774
482.3,24.595
482.4,29.673
482.5,27.571
482.6,29.555
482.7,27.181
482.8,25.741
482.9,24.394
483.0,27.381
483.1,26.622
483.2,24.108
483.3,31.753
483.4,31.077
483.5,21.896
483.6,21.583
483.7,23.441
483.8,28.47
483.9,36.039
484.0,24.454
484.1,27.048
484.2,31.999
484.3,26.514
484.4,31.348
484.5,30.802
484.6,27.912
484.7,30.646
484.8,30.808
484.9,23.791
485.0,27.476
485.1,26.113
485.2,28.089
485.3,24.359
485.4,25.011
485.5,28.167
485.6,27.978
485.7,32.157
485.8,28.631
485.9,32.297
486.0,31.931
486.1,31.414
486.2,17.396
486.3,25.681
486.4,29.39
486.5,24.03
486.6,26.416
486.7,30.006
486.8,28.143
486.9,26.953
487.0,33.197
487.1,26.734
487.2,31.334
487.3,27.851
487.4,28.297
487.5,26.924
487.6,25.478
487.7,27.335
487.8,23.903
487.9,102.99
488.0,59.767
488.1,48.242
488.2,22.097
488.3,25.904
488.4,25.275
488.5,23.586
488.6,23.462
488.7,25.362
488.8,27.376
488.9,28.657
489.0,24.969
489.1,27.735
489.2,22.31
489.3,26.529
489.4,32.59
489.5,26.513
489.6,31.407
489.7,29.183
489.8,32.407
489.9,29.923
490.0,22.024
490.1,23.195
490.2,34.309
490.3,27.856
490.4,28.741
490.5,32.188
490.6,27.567
490.7,30.141
490.8,24.737
490.9,24.898
491.0,30.58
491.1,31.301
491.2,24.236
491.3,27.277
491.4,25.495
491.5,31.04
491.6,28.612
491.7,25.79
491.8,28.041
491.9,20.972
492.0,30.191
492.1,28.537
492.2,30.488
492.3,32.005
492.4,31.409
492.5,29.153
492.6,21.466
492.7,27.367
492.8,28.233
492.9,24.488
493.0,28.384
493.1,30.496
493.2,34.33
493.3,27.598
493.4,24.369
493.5,28.267
493.6,26.353
493.7,31.862
493.8,23.979
493.9,32.171
494.0,26.288
494.1,31.237
494.2,31.568
494.3,23.409
494.4,29.198
494.5,27.73
494.6,27.962
494.7,32.166
494.8,26.114
494.9,26.938
495.0,27.285
495.1,27.098
495.2,28.191
495.3,23.636
495.4,27.433
495.5,26.493
495.6,31.639
495.7,25.59
495.8,33.855
495.9,27.155
496.0,29.771
496.1,27.562
496.2,30.594
496.3,26.601
496.4,28.543
496.5,29.418
496.6,29.935
496.7,32.171
496.8,28.401
496.9,25.967
497.0,27.82
497.1,26.452
497.2,30.122
497.3,30.95
497.4,31.638
497.5,27.533
497.6,30.199
497.7,31.728
497.8,29.79
497.9,26.281
498.0,30.757
498.1,30.315
498.2,30.468
498.3,27.359
498.4,26.733
498.5,30.984
498.6,29.049
498.7,29.743
498.8,31.644
498.9,23.236
499.0,24.859
499.1,26.701
499.2,24.056
499.3,25.885
499.4,33.112
499.5,26.967
499.6,23.648
499.7,20.087
499.8,26.31
499.9,28.121
500.0,24.643
500.1,31.714
500.2,32.046
500.3,30.952
500.4,26.37
500.5,23.62
500.6,29.255
500.7,27.169
500.8,24.747
500.9,28.245
501.0,30.121
501.1,30.671
501.2,24.816
501.3,30.556
501.4,128.172
501.5,76.6
501.6,37.123
501.7,31.346
501.8,28.644
501.9,26.014
502.0,30.681
502.1,30.448
502.2,32.506
502.3,26.759
502.4,27.044
502.5,32.416
502.6,31.335
502.7,28.771
502.8,25.45
502.9,24.858
503.0,23.707
503.1,25.028
503.2,27.38
503.3,24.425
503.4,30.162
503.5,20.264
503.6,25.596
503.7,25.959
503.8,29.826
503.9,29.568
504.0,24.308
504.1,28.686
504.2,24.867
504.3,28.874
504.4,24.341
504.5,28.384
504.6,32.406
504.7,34.121
504.8,31.26
504.9,24.905
505.0,26.443
505.1,25.2
505.2,26.169
505.3,22.757
505.4,26.109
505.5,31.353
505.6,34.703
505.7,29.304
505.8,28.61
505.9,30.019
506.0,23.258
506.1,25.463
506.2,30.416
506.3,27.301
506.4,26.896
506.5,30.563
506.6,22.28
506.7,31.502
506.8,25.564
506.9,29.69
507.0,28.002
507.1,30.185
507.2,30.977
507.3,24.964
507.4,30.512
507.5,29.519
507.6,32.276
507.7,26.416
507.8,31.563
507.9,30.186
508.0,26.674
508.1,31.003
508.2,26.883
508.3,30.74
508.4,27.699
508.5,28.324
508.6,28.204
508.7,31.042
508.8,27.74
508.9,29.742
509.0,29.799
509.1,25.422
509.2,30.772
509.3,32.419
509.4,29.532
509.5,29.217
509.6,25.445
509.7,31.868
509.8,23.398
509.9,28.432
510.0,32.65
510.1,25.933
510.2,29.619
510.3,25.821
510.4,29.975
510.5,23.755
510.6,26.763
510.7,26.087
510.8,28.305
510.9,22.896
511.0,32.523
511.1,28.93
511.2,26.533
511.3,32.467
511.4,27.929
511.5,28.769
511.6,28.865
511.7,32.772
511.8,28.473
511.9,24.797
512.0,28.268
512.1,29.259
512.2,27.922
512.3,26.051
512.4,25.575
512.5,22.909
512.6,29.443
512.7,25.497
512.8,26.072
512.9,29.529
513.0,31.238
513.1,24.893
513.2,26.946
513.3,26.818
513.4,29.518
513.5,24.88
513.6,25.593
513.7,29.26
513.8,26.19
513.9,24.914
514.0,27.966
514.1,168.426
514.2,68.021
514.3,43.136
514.4,26.588
514.5,27.393
514.6,26.454
514.7,26.991
514.8,19.459
514.9,33.184
515.0,27.466
515.1,26.818
515.2,28.265
515.3,28.994
515.4,27.177
515.5,23.138
515.6,28.85
515.7,29.172
515.8,27.702
515.9,24.418
516.0,24.004
516.1,27.622
516.2,28.913
516.3,25.112
516.4,32.335
516.5,24.472
516.6,28.699
516.7,23.21
516.8,28.938
516.9,21.291
517.0,31.633
517.1,28.74
517.2,25.634
517.3,34.625
517.4,29.495
517.5,27.983
517.6,23.166
517.7,27.016
517.8,27.584
517.9,26.2
518.0,28.306
518.1,36.665
518.2,30.913
518.3,29.518
518.4,24.086
518.5,27.715
518.6,29.212
518.7,22.145
518.8,27.794
518.9,27.721
519.0,29.575
519.1,26.854
519.2,33.814
519.3,29.453
519.4,28.13
519.5,29.832
519.6,31.574
519.7,29.899
519.8,30.654
519.9,28.83
520.0,25.818
520.1,26.948
520.2,24.708
520.3,29.823
520.4,22.314
520.5,27.306
520.6,29.051
520.7,32.284
520.8,33.528
520.9,29.989
521.0,30.894
521.1,33.142
521.2,27.793
521.3,28.244
521.4,31.222
521.5,26.66
521.6,26.429
521.7,27.729
521.8,25.253
521.9,24.846
522.0,24.075
522.1,29.356
522.2,29.21
522.3,25.956
522.4,29.51
522.5,27.879
522.6,22.989
522.7,25.129
522.8,27.405
522.9,27.063
523.0,24.728
523.1,31.712
523.2,32.794
523.3,34.849
523.4,28.511
523.5,23.712
523.6,29.428
523.7,32.416
523.8,26.918
523.9,34.483
524.0,29.709
524.1,23.124
524.2,22.297
524.3,21.897
524.4,30.789
524.5,29.706
524.6,25.894
524.7,27.854
524.8,29.357
524.9,26.31
525.0,25.535
525.1,28.723
525.2,23.064
525.3,27.606
525.4,24.02
525.5,28.923
525.6,30.561
525.7,27.307
525.8,26.242
525.9,23.715
526.0,26.678
526.1,28.229
526.2,27.595
526.3,29.149
526.4,28.809
526.5,26.009
526.6,28.704
526.7,27.592
526.8,29.922
526.9,29.303
527.0,28.195
527.1,32.063
527.2,26.347
527.3,31.762
527.4,21.68
527.5,24.956
527.6,24.409
527.7,32.309
527.8,32.046
527.9,31.004
528.0,31.195
528.1,31.135
528.2,25.719
528.3,34.248
528.4,26.693
528.5,27.232
528.6,25.839
528.7,21.113
528.8,29.451
528.9,23.633
529.0,22.803
529.1,27.478
529.2,31.123
529.3,32.224
529.4,25.067
529.5,27.206
529.6,29.597
529.7,32.646
529.8,30.331
529.9,26.001
530.0,29.812
530.1,34.961
530.2,30.759
530.3,27.702
530.4,31.22
530.5,21.117
530.6,28.358
530.7,26.553
530.8,26.798
530.9,26.33
531.0,28.083
531.1,28.247
531.2,25.909
531.3,127.717
531.4,39.576
531.5,41.405
531.6,29.727
531.7,21.976
531.8,30.131
531.9,30.547
532.0,31.453
532.1,32.046
532.2,26.185
532.3,27.52
532.4,32.631
532.5,31.239
532.6,25.787
532.7,20.919
532.8,27.313
532.9,24.795
533.0,28.188
533.1,30.913
533.2,23.659
533.3,28.824
533.4,24.353
533.5,35.447
533.6,28.155
533.7,29.426
533.8,24.868
533.9,21.602
534.0,25.123
534.1,25.13
534.2,31.518
534.3,24.557
534.4,30.481
534.5,29.264
534.6,27.665
534.7,20.541
534.8,26.351
534.9,30.912
535.0,29.612
535.1,28.449
535.2,23.689
535.3,28.378
535.4,28.761
535.5,26.542
535.6,29.299
535.7,25.869
535.8,21.977
535.9,26.07
536.0,25.929
536.1,31.657
536.2,30.158
536.3,27.848
536.4,26.36
536.5,29.675
536.6,32.482
536.7,25.099
536.8,26.083
536.9,31.452
537.0,29.443
537.1,26.685
537.2,31.466
537.3,29.655
537.4,25.172
537.5,28.824
537.6,27.978
537.7,32.958
537.8,29.822
537.9,29.451
538.0,28.4
538.1,29.563
538.2,23.833
538.3,23.637
538.4,29.168
538.5,29.199
538.6,26.79
538.7,22.006
538.8,24.737
538.9,29.613
539.0,28.381
539.1,26.076
539.2,25.213
539.3,28.799
539.4,27.547
539.5,27.522
539.6,26.487
539.7,28.451
539.8,28.848
539.9,26.121
540.0,32.988
540.1,26.234
540.2,28.499
540.3,23.345
540.4,25.003
540.5,30.761
540.6,30.179
540.7,28.644
540.8,25.982
540.9,29.061
541.0,25.021
541.1,31.21
541.2,20.113
541.3,26.845
541.4,25.608
541.5,31.885
541.6,27.406
541.7,31.712
541.8,32.337
541.9,29.364
542.0,23.086
542.1,25.738
542.2,26.503
542.3,29.201
542.4,29.139
542.5,24.011
542.6,30.354
542.7,24.956
542.8,26.938
542.9,28.772
543.0,27.611
543.1,32.707
543.2,31.418
543.3,24.043
543.4,24.623
543.5,31.449
543.6,28.34
543.7,29.885
543.8,28.075
543.9,31.692
544.0,30.315
544.1,30.359
544.2,25.97
544.3,29.822
544.4,23.169
544.5,27.278
544.6,26.094
544.7,25.67
544.8,25.19
544.9,21.977
545.0,31.715
545.1,27.362
545.2,27.468
545.3,29.504
545.4,31.196
545.5,32.01
545.6,26.705
545.7,28.564
545.8,25.284
545.9,30.198
546.0,28.063
546.1,30.727
546.2,30.482
546.3,30.345
546.4,29.608
546.5,28.261
546.6,24.272
546.7,28.987
546.8,33.05
546.9,26.698
547.0,25.968
547.1,29.854
547.2,33.023
547.3,24.877
547.4,20.752
547.5,26.156
547.6,28.299
547.7,27.572
547.8,27.219
547.9,151.519
548.0,71.589
548.1,39.777
548.2,36.929
548.3,29.662
548.4,27.151
548.5,28.764
548.6,24.629
548.7,32.75
548.8,32.245
548.9,27.281
549.0,24.044
549.1,27.082
549.2,29.774
549.3,26.819
549.4,25.613
549.5,28.483
549.6,25.379
549.7,32.006
549.8,30.837
549.9,29.991
550.0,25.876
550.1,28.621
550.2,31.328
550.3,21.721
550.4,28.617
550.5,32.219
550.6,33.435
550.7,25.148
550.8,28.829
550.9,31.133
551.0,31.618
551.1,22.481
551.2,21.971
551.3,28.463
551.4,29.495
551.5,27.626
551.6,27.016
551.7,31.834
551.8,32.433
551.9,26.223
552.0,28.473
552.1,24.529
552.2,33.206
552.3,23.787
552.4,24.79
552.5,25.331
552.6,24.855
552.7,31.833
552.8,34.965
552.9,28.782
553.0,26.992
553.1,30.165
553.2,25.279
553.3,32.013
553.4,27.891
553.5,29.262
553.6,25.926
553.7,27.387
553.8,23.141
553.9,28.056
554.0,30.671
554.1,22.445
554.2,24.97
554.3,26.572
554.4,27.071
554.5,27.729
554.6,27.865
554.7,28.851
554.8,27.893
554.9,22.954
555.0,28.941
555.1,31.61
555.2,28.774
555.3,22.68
555.4,28.697
555.5,29.426
555.6,25.032
555.7,28.229
555.8,31.829
555.9,32.852
556.0,28.38
556.1,29.522
556.2,27.505
556.3,26.77
556.4,32.155
556.5,30.887
556.6,29.851
556.7,26.42
556.8,32.402
556.9,31.121
557.0,24.125
557.1,31.266
557.2,28.505
557.3,28.835
557.4,21.949
557.5,23.611
557.6,30.969
557.7,25.699
557.8,30.437
557.9,24.019
558.0,23.574
558.1,33.732
558.2,30.728
558.3,27.615
558.4,28.671
558.5,25.874
558.6,29.068
558.7,31.538
558.8,26.754
558.9,29.457
559.0,22.923
559.1,33.405
559.2,31.014
559.3,27.91
559.4,26.997
559.5,32.233
559.6,26.486
559.7,29.109
559.8,27.058
559.9,100.195
560.0,53.444
560.1,47.729
560.2,27.597
560.3,30.375
560.4,36.12
560.5,28.105
560.6,29.469
560.7,20.966
560.8,28.956
560.9,21.355
561.0,24.341
561.1,29.24
561.2,32.802
561.3,28.43
561.4,30.765
561.5,27.507
561.6,32.503
561.7,27.816
561.8,29.07
561.9,26.05
562.0,30.861
562.1,26.486
562.2,27.744
562.3,26.872
562.4,23.625
562.5,25.559
562.6,27.489
562.7,24.099
562.8,24.293
562.9,33.139
563.0,26.163
563.1,29.03
563.2,27.599
563.3,30.583
563.4,25.915
563.5,33.613
563.6,31.094
563.7,26.206
563.8,35.298
563.9,29.864
564.0,29.529
564.1,26.853
564.2,24.679
564.3,30.573
564.4,25.427
564.5,26.258
564.6,26.208
564.7,31.678
564.8,27.288
564.9,29.869
565.0,30.042
565.1,23.95
565.2,29.491
565.3,27.721
565.4,29.045
565.5,29.511
565.6,26.427
565.7,32.083
565.8,26.601
565.9,25.664
566.0,29.448
566.1,26.38
566.2,25.882
566.3,24.14
566.4,25.434
566.5,29.778
566.6,25.271
566.7,27.468
566.8,29.505
566.9,28.451
567.0,26.214
567.1,27.783
567.2,31.445
567.3,33.055
567.4,27.06
567.5,30.677
567.6,28.82
567.7,26.259
567.8,28.495
567.9,32.205
568.0,25.829
568.1,26.227
568.2,35.875
568.3,30.454
568.4,24.098
568.5,27.131
568.6,26.502
568.7,28.066
568.8,28.867
568.9,27.366
569.0,29.425
569.1,27.875
569.2,29.912
569.3,27.263
569.4,27.695
569.5,26.875
569.6,30.514
569.7,25.392
569.8,30.678
569.9,29.327
570.0,30.168
570.1,30.681
570.2,26.536
570.3,26.318
570.4,28.006
570.5,25.455
570.6,28.687
570.7,32.912
570.8,28.133
570.9,30.66
571.0,27.589
571.1,27.061
571.2,24.732
571.3,26.216
571.4,34.979
571.5,31.889
571.6,27.526
571.7,30.333
571.8,31.09
571.9,30.702
572.0,26.21
572.1,26.184
572.2,23.485
572.3,29.331
572.4,27.035
572.5,25.556
572.6,27.19
572.7,23.312
572.8,31.333
572.9,26.754
573.0,28.44
573.1,32.042
573.2,29.456
573.3,26.159
573.4,26.936
573.5,30.226
573.6,27.048
573.7,31.693
573.8,28.527
573.9,23.784
574.0,29.504
574.1,31.065
574.2,29.875
574.3,28.897
574.4,30.465
574.5,22.321
574.6,23.591
574.7,30.383
574.8,26.455
574.9,31.519
575.0,32.714
575.1,26.021
575.2,30.117
575.3,27.397
575.4,30.725
575.5,34.049
575.6,27.14
575.7,32.125
575.8,30.531
575.9,19.174
576.0,31.226
576.1,28.819
576.2,25.664
576.3,30.727
576.4,20.524
576.5,22.329
576.6,30.942
576.7,30.552
576.8,31.068
576.9,29.755
577.0,131.82
577.1,53.706
577.2,52.012
577.3,28.05
577.4,26.71
577.5,22.396
577.6,31.583
577.7,24.716
577.8,29.956
577.9,26.756
578.0,23.123
578.1,29.255
578.2,29.459
578.3,25.193
578.4,30.578
578.5,33.416
578.6,29.472
578.7,29.294
578.8,25.799
578.9,24.882
579.0,26.782
579.1,28.207
579.2,28.035
579.3,27.403
579.4,35.475
579.5,29.713
579.6,25.071
579.7,24.398
579.8,22.784
579.9,24.971
580.0,29.736
580.1,27.144
580.2,25.921
580.3,29.769
580.4,29.648
580.5,29.114
580.6,27.96
580.7,27.89
580.8,24.044
580.9,22.464
581.0,25.581
581.1,25.634
581.2,25.543
581.3,27.48
581.4,26.578
581.5,24.086
581.6,27.691
581.7,29.008
581.8,26.522
581.9,30.457
582.0,28.946
582.1,29.168
582.2,26.879
582.3,29.24
582.4,30.047
582.5,22.212
582.6,31.205
582.7,26.467
582.8,29.952
582.9,21.081
583.0,26.698
583.1,22.903
583.2,27.555
583.3,28.544
583.4,29.221
583.5,28.062
583.6,24.242
583.7,31.908
583.8,23.964
583.9,26.991
584.0,25.67
584.1,26.192
584.2,23.791
584.3,31.257
584.4,30.238
584.5,28.215
584.6,27.567
584.7,25.12
584.8,27.67
584.9,25.276
585.0,28.259
585.1,29.181
585.2,27.259
585.3,29.197
585.4,29.751
585.5,30.414
585.6,33.924
585.7,23.717
585.8,24.298
585.9,24.351
586.0,27.407
586.1,23.217
586.2,26.409
586.3,30.514
586.4,30.188
586.5,32.919
586.6,30.561
586.7,31.039
586.8,26.413
586.9,26.926
587.0,30.637
587.1,30.576
587.2,22.251
587.3,23.834
587.4,25.066
587.5,25.42
587.6,31.952
587.7,33.418
587.8,28.99
587.9,29.022
588.0,33.826
588.1,29.346
588.2,29.677
588.3,29.118
588.4,29.123
588.5,32.047
588.6,30.179
588.7,28.256
588.8,26.821
588.9,28.78
589.0,23.012
589.1,29.382
589.2,28.378
589.3,28.962
589.4,24.53
589.5,98.367
589.6,47.418
589.7,50.435
589.8,23.631
589.9,29.783
590.0,27.021
590.1,29.56
590.2,26.884
590.3,27.221
590.4,29.051
590.5,32.054
590.6,22.104
590.7,30.632
590.8,27.123
590.9,29.884
591.0,30.992
591.1,27.7
591.2,25.788
591.3,26.761
591.4,27.415
591.5,27.556
591.6,27.763
591.7,28.403
591.8,29.914
591.9,26.715
592.0,34.332
592.1,20.132
592.2,26.131
592.3,29.694
592.4,29.21
592.5,23.296
592.6,27.876
592.7,25.325
592.8,30.978
592.9,20.989
593.0,30.793
593.1,29.182
593.2,30.548
593.3,26.485
593.4,29.43
593.5,28.206
593.6,29.454
593.7,29.534
593.8,27.851
593.9,29.247
594.0,29.036
594.1,28.361
594.2,23.328
594.3,27.191
594.4,27.697
594.5,27.299
594.6,29.312
594.7,27.148
594.8,31.973
594.9,24.885
595.0,35.587
595.1,24.422
595.2,29.315
595.3,26.512
595.4,33.709
595.5,28.428
595.6,29.056
595.7,29.846
595.8,25.134
595.9,27.188
596.0,26.298
596.1,31.49
596.2,27.972
596.3,30.543
596.4,29.977
596.5,27.313
596.6,26.939
596.7,29.885
596.8,30.379
596.9,26.829
597.0,27.251
597.1,35.386
597.2,24.254
597.3,35.493
597.4,31.226
597.5,25.868
597.6,31.424
597.7,29.533
597.8,27.91
597.9,30.535
598.0,23.898
598.1,27.155
598.2,32.667
598.3,25.915
598.4,26.821
598.5,29.059
598.6,23.821
598.7,25.238
598.8,30.0
598.9,25.565
599.0,26.156
599.1,25.585
599.2,28.235
599.3,28.162
599.4,26.575
599.5,27.985
599.6,31.518
599.7,26.884
599.8,26.835
599.9,28.801
